premise,premise_en,hypothesis,hypothesis_en,ground_truth,label_en,predicted_label,correct,language,runtime_seconds,samples_processed,runtime_per_sample,temperature,max_new_tokens,do_sample,translation_temperature,premise_translation_quality,hypothesis_translation_quality,avg_translation_quality
"The remaining dimensions are imagined as curled up on the Planck length scale in what are called  Calabi-Yau  spaces, or more generally, compactified moduli.","The remaining dimensions are imagined as curled up on the Planck length scale in what are called  Calabi-Yau  spaces, or more generally, compactified moduli.",Calabi-Yau spaces are spread out a ton.,Calabi-Yau spaces are spread out a ton.,contradiction,contradiction,contradiction,True,en,53.38005065917969,100,0.5338005065917969,0.3,20,False,0.3,1.0,1.0,1.0
23Financial  Continued Momentum Essential to Achieve CFO Act Goals,23Financial  Continued Momentum Essential to Achieve CFO Act Goals,23Financial is close to completing all of their Act Goals.,23Financial is close to completing all of their Act Goals.,neutral,neutral,neutral,True,en,53.38005065917969,100,0.5338005065917969,0.3,20,False,0.3,1.0,1.0,1.0
"I am pressed,  she informed him.","I am pressed,  she informed him.",She had told him that she was pressured.,She had told him that she was pressured.,entailment,entailment,entailment,True,en,53.38005065917969,100,0.5338005065917969,0.3,20,False,0.3,1.0,1.0,1.0
it's probably more because i just enjoy the coverage than it is because i don't have time to read the paper you know,it's probably more because i just enjoy the coverage than it is because i don't have time to read the paper you know,They cover a lot more than you will get from the paper.,They cover a lot more than you will get from the paper.,neutral,neutral,neutral,True,en,53.38005065917969,100,0.5338005065917969,0.3,20,False,0.3,1.0,1.0,1.0
"Jane,Dave, and an FBI analyst who was on detail to the CIA's Bin Ladin unit went to New York on June 11 to meet with the agents about the Cole case.","Jane,Dave, and an FBI analyst who was on detail to the CIA's Bin Ladin unit went to New York on June 11 to meet with the agents about the Cole case.",The FBI analyst talked to seven agents about the Cole case.,The FBI analyst talked to seven agents about the Cole case.,neutral,neutral,neutral,True,en,53.38005065917969,100,0.5338005065917969,0.3,20,False,0.3,1.0,1.0,1.0
"On the other hand, particles and the three nongravitational forces have yet to be incorporated into a spin network picture.","On the other hand, particles and the three nongravitational forces have yet to be incorporated into a spin network picture.",The nongravitational forces must be incorporated in order for the spin network picture to be complete.,The nongravitational forces must be incorporated in order for the spin network picture to be complete.,neutral,neutral,neutral,True,en,53.38005065917969,100,0.5338005065917969,0.3,20,False,0.3,1.0,1.0,1.0
You should have seen the danger.,You should have seen the danger.,You must not look at the crisis happening at this very moment.,You must not look at the crisis happening at this very moment.,contradiction,contradiction,contradiction,True,en,53.38005065917969,100,0.5338005065917969,0.3,20,False,0.3,1.0,1.0,1.0
"Her sister could pass for white, and in fact did pass for white.","Her sister could pass for white, and in fact did pass for white.",Her sister had the fairest skin of anyone in the neighborhood.,Her sister had the fairest skin of anyone in the neighborhood.,neutral,neutral,neutral,True,en,53.38005065917969,100,0.5338005065917969,0.3,20,False,0.3,1.0,1.0,1.0
"Our borders and immigration system, including law enforcement, ought to send a message of welcome, tolerance, and justice to members of immigrant communities in the United States and in their countries of origin.","Our borders and immigration system, including law enforcement, ought to send a message of welcome, tolerance, and justice to members of immigrant communities in the United States and in their countries of origin.",Our country should repair our image globally and welcome refugees here.,Our country should repair our image globally and welcome refugees here.,neutral,neutral,neutral,True,en,53.38005065917969,100,0.5338005065917969,0.3,20,False,0.3,1.0,1.0,1.0
"The publication of the RPH book is followed by the book tour, which leads to the next fact about the","The publication of the RPH book is followed by the book tour, which leads to the next fact about the",The RPH book is going to have a tour associated with it.,The RPH book is going to have a tour associated with it.,entailment,entailment,entailment,True,en,53.38005065917969,100,0.5338005065917969,0.3,20,False,0.3,1.0,1.0,1.0
The chairlift is a great favourite.,The chairlift is a great favourite.,No one likes the chairlift.,No one likes the chairlift.,contradiction,contradiction,contradiction,True,en,53.38005065917969,100,0.5338005065917969,0.3,20,False,0.3,1.0,1.0,1.0
"For aids to the September 11 evacuation, see, e.g., Civilian interview 14 (Apr.","For aids to the September 11 evacuation, see, e.g., Civilian interview 14 (Apr.",There are no aids available with regards to the September 11 evacuation.,There are no aids available with regards to the September 11 evacuation.,contradiction,contradiction,contradiction,True,en,53.38005065917969,100,0.5338005065917969,0.3,20,False,0.3,1.0,1.0,1.0
"'  A Tennessee informant used dog weather for `hot, rainless weather,' which may derive from the expression dog days referring to dry August weather.","'  A Tennessee informant used dog weather for `hot, rainless weather,' which may derive from the expression dog days referring to dry August weather.",June and July are also very hot in Tennessee.,June and July are also very hot in Tennessee.,neutral,neutral,neutral,True,en,53.38005065917969,100,0.5338005065917969,0.3,20,False,0.3,1.0,1.0,1.0
"I killed him, it is true.","I killed him, it is true.",The man's life was spared.,The man's life was spared.,contradiction,contradiction,contradiction,True,en,53.38005065917969,100,0.5338005065917969,0.3,20,False,0.3,1.0,1.0,1.0
But I was in haste to land you.,But I was in haste to land you.,The person wanted a lover.,The person wanted a lover.,neutral,neutral,neutral,True,en,53.38005065917969,100,0.5338005065917969,0.3,20,False,0.3,1.0,1.0,1.0
"If you're feeling up to it, push on along the Mist Trail, past Emerald Pool, to Nevada Fall, and you'll begin to lose the crowds.","If you're feeling up to it, push on along the Mist Trail, past Emerald Pool, to Nevada Fall, and you'll begin to lose the crowds.",Nevada Falls is a great hike with a few people on it.,Nevada Falls is a great hike with a few people on it.,neutral,neutral,neutral,True,en,53.38005065917969,100,0.5338005065917969,0.3,20,False,0.3,1.0,1.0,1.0
"I reported this in a letter to Dr.  it seemed to amuse him, and he sent me a small fruitcake that Christmas.","I reported this in a letter to Dr.  it seemed to amuse him, and he sent me a small fruitcake that Christmas.",The doctor sent me a bottle of wine that Christmas.,The doctor sent me a bottle of wine that Christmas.,contradiction,contradiction,contradiction,True,en,53.38005065917969,100,0.5338005065917969,0.3,20,False,0.3,1.0,1.0,1.0
the sense that the checkbook is just a blank check you know and it's unlimited funds not that she goes out and spends it unlimitedly but it's almost that attitude,the sense that the checkbook is just a blank check you know and it's unlimited funds not that she goes out and spends it unlimitedly but it's almost that attitude,She feels like she can spend more than $1000 a night.,She feels like she can spend more than $1000 a night.,neutral,neutral,neutral,True,en,53.38005065917969,100,0.5338005065917969,0.3,20,False,0.3,1.0,1.0,1.0
"My hero, though, is Richard Heseltine, the chairman of the Overseas Investment Trust, who resigned earlier this month in opposition to the business plan forced on him by his superiors.","My hero, though, is Richard Heseltine, the chairman of the Overseas Investment Trust, who resigned earlier this month in opposition to the business plan forced on him by his superiors.",Heseltine quit his job.,Heseltine quit his job.,entailment,entailment,entailment,True,en,53.38005065917969,100,0.5338005065917969,0.3,20,False,0.3,1.0,1.0,1.0
"The source claimed that Bin Ladin asked for and received assistance from the bomb-making expert, who remained there giving training until September 1996, which is when the information was passed to the United States.","The source claimed that Bin Ladin asked for and received assistance from the bomb-making expert, who remained there giving training until September 1996, which is when the information was passed to the United States.",The source knew nothing about Bin Laden.,The source knew nothing about Bin Laden.,contradiction,contradiction,contradiction,True,en,53.38005065917969,100,0.5338005065917969,0.3,20,False,0.3,1.0,1.0,1.0
"Linked to Nova Scotia by the narrow Chignecto Isthmus, New Brunswick became a separate province in 1784 at the demand of 14,000 Loyalist refugees.","Linked to Nova Scotia by the narrow Chignecto Isthmus, New Brunswick became a separate province in 1784 at the demand of 14,000 Loyalist refugees.",New Brunswick was not a province in 1784.,New Brunswick was not a province in 1784.,contradiction,contradiction,contradiction,True,en,53.38005065917969,100,0.5338005065917969,0.3,20,False,0.3,1.0,1.0,1.0
They stressed that constant vigilance was needed to ensure that controls remained appropriate--addressing current risks and not unnecessarily hindering operations--and that individuals who used and maintained information systems complied with organizational policies.,They stressed that constant vigilance was needed to ensure that controls remained appropriate--addressing current risks and not unnecessarily hindering operations--and that individuals who used and maintained information systems complied with organizational policies.,They said it was important to be vigilent when it came to the news factory controls.,They said it was important to be vigilent when it came to the news factory controls.,neutral,neutral,neutral,True,en,53.38005065917969,100,0.5338005065917969,0.3,20,False,0.3,1.0,1.0,1.0
If there was anything I could do.,If there was anything I could do.,I knew there was nothing i could do.,I knew there was nothing i could do.,contradiction,neutral,neutral,False,en,53.38005065917969,100,0.5338005065917969,0.3,20,False,0.3,1.0,1.0,1.0
Much has been made of hiring Michael Apted to bring a more human touch to the series.,Much has been made of hiring Michael Apted to bring a more human touch to the series.,Michael Apted was hired to add a personal quality to the series.,Michael Apted was hired to add a personal quality to the series.,entailment,entailment,entailment,True,en,53.38005065917969,100,0.5338005065917969,0.3,20,False,0.3,1.0,1.0,1.0
"In appreciation for your contribution $100 or more to the campaign, you and a guest are invited to attend a special reception on Thursday, March 23,2000 from 5:30- 8:00 PM in Herron Hall.","In appreciation for your contribution $100 or more to the campaign, you and a guest are invited to attend a special reception on Thursday, March 23,2000 from 5:30- 8:00 PM in Herron Hall.",You and a guest will be invited to attend a special reception if you donate $100 or more to the campaign.,You and a guest will be invited to attend a special reception if you donate $100 or more to the campaign.,entailment,entailment,entailment,True,en,53.38005065917969,100,0.5338005065917969,0.3,20,False,0.3,1.0,1.0,1.0
You'll see videos of Anne's story and of Amsterdam under occupation along with photographs and artifacts of the time.,You'll see videos of Anne's story and of Amsterdam under occupation along with photographs and artifacts of the time.,You will not see photographs.,You will not see photographs.,contradiction,contradiction,contradiction,True,en,53.38005065917969,100,0.5338005065917969,0.3,20,False,0.3,1.0,1.0,1.0
"In addition, Indiana residents may receive tax benefits through the Indiana tax credit which is applied directly against the bottom line of the state tax return.","In addition, Indiana residents may receive tax benefits through the Indiana tax credit which is applied directly against the bottom line of the state tax return.",Indiana residents get a 50% tax credit if they donate to the theater.,Indiana residents get a 50% tax credit if they donate to the theater.,neutral,neutral,neutral,True,en,53.38005065917969,100,0.5338005065917969,0.3,20,False,0.3,1.0,1.0,1.0
"The mayor of Letohrad, the town where Josef Korbel grew up, says he sent Albright three letters in recent years.","The mayor of Letohrad, the town where Josef Korbel grew up, says he sent Albright three letters in recent years.",Korbel led Letohrad.,Korbel led Letohrad.,entailment,neutral,neutral,False,en,53.38005065917969,100,0.5338005065917969,0.3,20,False,0.3,1.0,1.0,1.0
"In an economy with reinvestment, what happens if we can take our advantages of trade and reinvest any excess so that we can create more apples and pears than we had to start with?","In an economy with reinvestment, what happens if we can take our advantages of trade and reinvest any excess so that we can create more apples and pears than we had to start with?",We can't trade with anyone around us.,We can't trade with anyone around us.,contradiction,contradiction,contradiction,True,en,53.38005065917969,100,0.5338005065917969,0.3,20,False,0.3,1.0,1.0,1.0
We can continue to strengthen the education of good lawyers.,We can continue to strengthen the education of good lawyers.,"We can educate lawyers, I'm sure of it!","We can educate lawyers, I'm sure of it!",entailment,neutral,neutral,False,en,53.38005065917969,100,0.5338005065917969,0.3,20,False,0.3,1.0,1.0,1.0
"The ultimate recipient in Pakistan would then go to the Pakistani hawaladar and receive his money, in rupees, from whatever money the Pakistani hawaladar has on hand.","The ultimate recipient in Pakistan would then go to the Pakistani hawaladar and receive his money, in rupees, from whatever money the Pakistani hawaladar has on hand.",The ultimate recipient would need to travel to Turkey to get his money.,The ultimate recipient would need to travel to Turkey to get his money.,contradiction,contradiction,contradiction,True,en,53.38005065917969,100,0.5338005065917969,0.3,20,False,0.3,1.0,1.0,1.0
The real cause for concern is that HMOs may fail to control costs in the long term.,The real cause for concern is that HMOs may fail to control costs in the long term.,Everyone appreciates that HMOs will be able to control costs in the long term.,Everyone appreciates that HMOs will be able to control costs in the long term.,contradiction,contradiction,contradiction,True,en,53.38005065917969,100,0.5338005065917969,0.3,20,False,0.3,1.0,1.0,1.0
and it still scared me,and it still scared me,I was just a little bit scared.,I was just a little bit scared.,neutral,neutral,neutral,True,en,53.38005065917969,100,0.5338005065917969,0.3,20,False,0.3,1.0,1.0,1.0
oh oh my word well that sounds adventuresome,oh oh my word well that sounds adventuresome,That sounds like an awful experience.,That sounds like an awful experience.,contradiction,neutral,neutral,False,en,53.38005065917969,100,0.5338005065917969,0.3,20,False,0.3,1.0,1.0,1.0
"Based on this risk assessment, Centrelink developed a range of specific prevention strategies aimed at educating beneficiaries and employers on income reporting requirements.","Based on this risk assessment, Centrelink developed a range of specific prevention strategies aimed at educating beneficiaries and employers on income reporting requirements.",Centrelink had a lot of strategies to teach people how to report income because the government was losing a lot of money in mistakes.,Centrelink had a lot of strategies to teach people how to report income because the government was losing a lot of money in mistakes.,neutral,neutral,neutral,True,en,53.38005065917969,100,0.5338005065917969,0.3,20,False,0.3,1.0,1.0,1.0
"This is extremely important to the long-term survival of elephants in human care, as well as the wild.","This is extremely important to the long-term survival of elephants in human care, as well as the wild.",There is nothing that can be done to help elephants.,There is nothing that can be done to help elephants.,contradiction,contradiction,contradiction,True,en,53.38005065917969,100,0.5338005065917969,0.3,20,False,0.3,1.0,1.0,1.0
We assume a direct linear relationship between volume per capita and pieces per possible,We assume a direct linear relationship between volume per capita and pieces per possible,We know there's no connection between volume per capita and pieces per possible.,We know there's no connection between volume per capita and pieces per possible.,contradiction,contradiction,contradiction,True,en,53.38005065917969,100,0.5338005065917969,0.3,20,False,0.3,1.0,1.0,1.0
"At the moment, the thinking is that it's perhaps best to leave these smaller, less developed islands in peace.","At the moment, the thinking is that it's perhaps best to leave these smaller, less developed islands in peace.",People think the islands should be left alone.,People think the islands should be left alone.,entailment,entailment,entailment,True,en,53.38005065917969,100,0.5338005065917969,0.3,20,False,0.3,1.0,1.0,1.0
"One thing M. Tesniares hasn't reckoned with, though, is the Anglo-Saxon input.","One thing M. Tesniares hasn't reckoned with, though, is the Anglo-Saxon input.",M. Tesniares performs Anglo-Saxon input.,M. Tesniares performs Anglo-Saxon input.,contradiction,contradiction,contradiction,True,en,53.38005065917969,100,0.5338005065917969,0.3,20,False,0.3,1.0,1.0,1.0
My name is Wade--Lord Julian Wade.,My name is Wade--Lord Julian Wade.,"His name was not Wade but instead, Smith.","His name was not Wade but instead, Smith.",contradiction,contradiction,contradiction,True,en,53.38005065917969,100,0.5338005065917969,0.3,20,False,0.3,1.0,1.0,1.0
"It would be extremely difficult for a legal services attorney in California to know whether a client, who has been working in the migrant stream in Arizona, has temporarily crossed the border into Mexico.","It would be extremely difficult for a legal services attorney in California to know whether a client, who has been working in the migrant stream in Arizona, has temporarily crossed the border into Mexico.",The attorney can get the information through the migrant worker network.,The attorney can get the information through the migrant worker network.,neutral,neutral,neutral,True,en,53.38005065917969,100,0.5338005065917969,0.3,20,False,0.3,1.0,1.0,1.0
"Likewise, the statistics in Tables A2 and A3 show that routes with high carrier route volume reside in ZIP Codes with higher levels of household income and education attainment.","Likewise, the statistics in Tables A2 and A3 show that routes with high carrier route volume reside in ZIP Codes with higher levels of household income and education attainment.",High volume areas also have high incomes.,High volume areas also have high incomes.,entailment,entailment,entailment,True,en,53.38005065917969,100,0.5338005065917969,0.3,20,False,0.3,1.0,1.0,1.0
And she was always there for us,And she was always there for us,She gave us all the money we needed.,She gave us all the money we needed.,neutral,neutral,neutral,True,en,53.38005065917969,100,0.5338005065917969,0.3,20,False,0.3,1.0,1.0,1.0
"Um, and she said, she said, she said, Baby, she said, You don't understand about life the way I understand about life.","Um, and she said, she said, she said, Baby, she said, You don't understand about life the way I understand about life.",She told me I didn't have a clue how the real world worked and I should follow her.,She told me I didn't have a clue how the real world worked and I should follow her.,neutral,neutral,neutral,True,en,53.38005065917969,100,0.5338005065917969,0.3,20,False,0.3,1.0,1.0,1.0
"Property is an endless succession of bubbles in space, or cyberspace, with different people claiming an endless variety of interests in them.","Property is an endless succession of bubbles in space, or cyberspace, with different people claiming an endless variety of interests in them.",Property is just people saying they own something.,Property is just people saying they own something.,entailment,neutral,neutral,False,en,53.38005065917969,100,0.5338005065917969,0.3,20,False,0.3,1.0,1.0,1.0
"These workers were not trapped, yet unlike most occupants on the upper floors, they had chosen not to descend immediately after impact.","These workers were not trapped, yet unlike most occupants on the upper floors, they had chosen not to descend immediately after impact.",Some workers thought that the situation wouldn't escalate.,Some workers thought that the situation wouldn't escalate.,neutral,neutral,neutral,True,en,53.38005065917969,100,0.5338005065917969,0.3,20,False,0.3,1.0,1.0,1.0
"Nothing underscores the subtle complexities of language more strikingly than the miscommunications that occur among pilots, crew members, and air traffic controllers.","Nothing underscores the subtle complexities of language more strikingly than the miscommunications that occur among pilots, crew members, and air traffic controllers.",Pilots are always perfect communicators.,Pilots are always perfect communicators.,contradiction,contradiction,contradiction,True,en,53.38005065917969,100,0.5338005065917969,0.3,20,False,0.3,1.0,1.0,1.0
"Yousef managed to escape to Pakistan, but his accomplice, Murad-whom KSM claims to have sent to Yousef with $3,000 to help fund the operation-was arrested and disclosed details of the plot while under interrogation.","Yousef managed to escape to Pakistan, but his accomplice, Murad-whom KSM claims to have sent to Yousef with $3,000 to help fund the operation-was arrested and disclosed details of the plot while under interrogation.",Murad told investigators where to locate Yousef in Pakistan.,Murad told investigators where to locate Yousef in Pakistan.,neutral,neutral,neutral,True,en,53.38005065917969,100,0.5338005065917969,0.3,20,False,0.3,1.0,1.0,1.0
"One can imagine a bulldozer operator as he blades out a road for a new development being hailed by the developer   Hey, Loyd ...","One can imagine a bulldozer operator as he blades out a road for a new development being hailed by the developer   Hey, Loyd ...",You can imagine a bulldozer operator starting a bulldozer.,You can imagine a bulldozer operator starting a bulldozer.,neutral,neutral,neutral,True,en,53.38005065917969,100,0.5338005065917969,0.3,20,False,0.3,1.0,1.0,1.0
"So anyway, Dad goes and makes this nice big glass of chocolate milk for me.","So anyway, Dad goes and makes this nice big glass of chocolate milk for me.",Dad got me some chocolate milk from the fridge.,Dad got me some chocolate milk from the fridge.,neutral,neutral,neutral,True,en,53.38005065917969,100,0.5338005065917969,0.3,20,False,0.3,1.0,1.0,1.0
well supposedly in seven days they're going they're going to look through y our background and make sure you are not an ex-con or don't have,well supposedly in seven days they're going they're going to look through y our background and make sure you are not an ex-con or don't have,They will supposedly do a background check over the next seven days.,They will supposedly do a background check over the next seven days.,entailment,entailment,entailment,True,en,53.38005065917969,100,0.5338005065917969,0.3,20,False,0.3,1.0,1.0,1.0
"I'm uh, Chief Master Sergeant, retired, as Rick said.","I'm uh, Chief Master Sergeant, retired, as Rick said.",Rick told you I was retired.,Rick told you I was retired.,entailment,entailment,entailment,True,en,53.38005065917969,100,0.5338005065917969,0.3,20,False,0.3,1.0,1.0,1.0
Anyhow the man comes in.,Anyhow the man comes in.,The man entered the room.,The man entered the room.,entailment,entailment,entailment,True,en,53.38005065917969,100,0.5338005065917969,0.3,20,False,0.3,1.0,1.0,1.0
"Of course, not every typographical error should be ascribed to a hidden unconscious motive on the part of the typesetter (or typist).","Of course, not every typographical error should be ascribed to a hidden unconscious motive on the part of the typesetter (or typist).",Typesetters and typists never make typographical errors.,Typesetters and typists never make typographical errors.,contradiction,contradiction,contradiction,True,en,53.38005065917969,100,0.5338005065917969,0.3,20,False,0.3,1.0,1.0,1.0
"If you would like additional information about the IU School of Medicine campaign or Dr. Field's research, please call 274-3270.","If you would like additional information about the IU School of Medicine campaign or Dr. Field's research, please call 274-3270.",Dr. Field works as a dentist at University of Florida.,Dr. Field works as a dentist at University of Florida.,contradiction,contradiction,contradiction,True,en,53.38005065917969,100,0.5338005065917969,0.3,20,False,0.3,1.0,1.0,1.0
"Although even some o' they should know better, for there's still a few was on Barbados with us, and are acquainted like me and you with Colonel Bishop.","Although even some o' they should know better, for there's still a few was on Barbados with us, and are acquainted like me and you with Colonel Bishop.",We are also acquainted with Captain Blood.,We are also acquainted with Captain Blood.,neutral,neutral,neutral,True,en,53.38005065917969,100,0.5338005065917969,0.3,20,False,0.3,1.0,1.0,1.0
"On obtaining clean passports and the two damaged passports, see Intelligence reports, interrogations of KSM, July 3, 2003; Sept. 9, 2003.","On obtaining clean passports and the two damaged passports, see Intelligence reports, interrogations of KSM, July 3, 2003; Sept. 9, 2003.",KSM always failed to get clean documents.,KSM always failed to get clean documents.,contradiction,neutral,neutral,False,en,53.38005065917969,100,0.5338005065917969,0.3,20,False,0.3,1.0,1.0,1.0
"Across from the square are the back streets of Laleli, the place to look for low-priced clothes.","Across from the square are the back streets of Laleli, the place to look for low-priced clothes.",Cheap clothes are for sale in Laleli if you go to the right boutiques.,Cheap clothes are for sale in Laleli if you go to the right boutiques.,neutral,neutral,neutral,True,en,53.38005065917969,100,0.5338005065917969,0.3,20,False,0.3,1.0,1.0,1.0
"Besides the lexicon, grammar--especially syntax--has changed somewhat, too, though again not so much as to be incomprehensible to the average modern reader.","Besides the lexicon, grammar--especially syntax--has changed somewhat, too, though again not so much as to be incomprehensible to the average modern reader.",Grammar has changed but not too much.,Grammar has changed but not too much.,entailment,entailment,entailment,True,en,53.38005065917969,100,0.5338005065917969,0.3,20,False,0.3,1.0,1.0,1.0
"The main conclusion to draw from our simulation is that autonomous agents coupling one or more autocatalytic and work cycles are a perfectly reasonable, if novel, form of nonequilibrium, open chemical reaction network.","The main conclusion to draw from our simulation is that autonomous agents coupling one or more autocatalytic and work cycles are a perfectly reasonable, if novel, form of nonequilibrium, open chemical reaction network.",We can draw a conclusion from the simulation we did on the computer.,We can draw a conclusion from the simulation we did on the computer.,neutral,entailment,entailment,False,en,53.38005065917969,100,0.5338005065917969,0.3,20,False,0.3,1.0,1.0,1.0
"For an authentic feel of old Portugal, slip into the cool entrance hall of theimpressive Leal Senado ( Loyal Senate  building), a fine example of colonial architecture.","For an authentic feel of old Portugal, slip into the cool entrance hall of theimpressive Leal Senado ( Loyal Senate  building), a fine example of colonial architecture.",The Loyal Senate building is beautiful.,The Loyal Senate building is beautiful.,entailment,neutral,neutral,False,en,53.38005065917969,100,0.5338005065917969,0.3,20,False,0.3,1.0,1.0,1.0
"One agency intended to implement an employee travel claim procedure allowing travelers, with certain exceptions, to merely list an aggregate amount of all expenses that individually cost $75 or less.","One agency intended to implement an employee travel claim procedure allowing travelers, with certain exceptions, to merely list an aggregate amount of all expenses that individually cost $75 or less.",This idea was not well-received by t=other agencies.,This idea was not well-received by t=other agencies.,neutral,neutral,neutral,True,en,53.38005065917969,100,0.5338005065917969,0.3,20,False,0.3,1.0,1.0,1.0
yeah i have two two boys twelve and sixteen,yeah i have two two boys twelve and sixteen,I also have a daughter that is younger than the boys.,I also have a daughter that is younger than the boys.,neutral,neutral,neutral,True,en,53.38005065917969,100,0.5338005065917969,0.3,20,False,0.3,1.0,1.0,1.0
The Friends operate at two levels -the Citywide Friends and the Branch Friends -and you can become active at either one or both levels.,The Friends operate at two levels -the Citywide Friends and the Branch Friends -and you can become active at either one or both levels.,"We don't separate the level of friends, everyone is the same.","We don't separate the level of friends, everyone is the same.",contradiction,contradiction,contradiction,True,en,53.38005065917969,100,0.5338005065917969,0.3,20,False,0.3,1.0,1.0,1.0
"I want to say that there wasn't any danger of going in with the bomb because it would not explode, regardless of how hard it hit the ground.","I want to say that there wasn't any danger of going in with the bomb because it would not explode, regardless of how hard it hit the ground.",There was a great danger of the bomb exploding.,There was a great danger of the bomb exploding.,contradiction,contradiction,contradiction,True,en,53.38005065917969,100,0.5338005065917969,0.3,20,False,0.3,1.0,1.0,1.0
Our initial observations suggest that GPRA performance reports are likely to be more useful if they,Our initial observations suggest that GPRA performance reports are likely to be more useful if they,The usefulness of GPRA reports might be increased.,The usefulness of GPRA reports might be increased.,entailment,entailment,entailment,True,en,53.38005065917969,100,0.5338005065917969,0.3,20,False,0.3,1.0,1.0,1.0
"I assure you, sir, that I was fully informed of all.","I assure you, sir, that I was fully informed of all.",It is the detective's death that I was informed about.,It is the detective's death that I was informed about.,neutral,neutral,neutral,True,en,53.38005065917969,100,0.5338005065917969,0.3,20,False,0.3,1.0,1.0,1.0
"He was born in 1880 something, like 188, I think it was 1889, I think it was when he was born.","He was born in 1880 something, like 188, I think it was 1889, I think it was when he was born.",He wasn't born until 1984.,He wasn't born until 1984.,contradiction,contradiction,contradiction,True,en,53.38005065917969,100,0.5338005065917969,0.3,20,False,0.3,1.0,1.0,1.0
"H. H. Richardson and his protege Charles Follen McKim were alumni, as well as McKim's assistants, John M. Carrare and Thomas Hastings.","H. H. Richardson and his protege Charles Follen McKim were alumni, as well as McKim's assistants, John M. Carrare and Thomas Hastings.","H. H. Richardson, Charles Follen McKim, John M. Carrare and Thomas Hastings were all alumni.","H. H. Richardson, Charles Follen McKim, John M. Carrare and Thomas Hastings were all alumni.",entailment,entailment,entailment,True,en,53.38005065917969,100,0.5338005065917969,0.3,20,False,0.3,1.0,1.0,1.0
men um free of the charge one guy went in stabbed his ex-wife to death because she was sleeping with another guy i mean ex-wife you know we're talking and,men um free of the charge one guy went in stabbed his ex-wife to death because she was sleeping with another guy i mean ex-wife you know we're talking and,A man killed his ex wife for sleeping with another guy after being freed from a prior charge.,A man killed his ex wife for sleeping with another guy after being freed from a prior charge.,entailment,entailment,entailment,True,en,53.38005065917969,100,0.5338005065917969,0.3,20,False,0.3,1.0,1.0,1.0
"And I had put uh, five detachments out of U2's.","And I had put uh, five detachments out of U2's.",I worked with the detachments for the U2's every day for forty years.,I worked with the detachments for the U2's every day for forty years.,neutral,neutral,neutral,True,en,53.38005065917969,100,0.5338005065917969,0.3,20,False,0.3,1.0,1.0,1.0
"Napoleon attacked and destroyed Catalonia's sacred shrine, the monastery at Montserrat.","Napoleon attacked and destroyed Catalonia's sacred shrine, the monastery at Montserrat.",Napoleon was responsible for the destruction of the monastery at Montserrat.,Napoleon was responsible for the destruction of the monastery at Montserrat.,entailment,entailment,entailment,True,en,53.38005065917969,100,0.5338005065917969,0.3,20,False,0.3,1.0,1.0,1.0
oh i see well i like the atmosphere myself,oh i see well i like the atmosphere myself,I do like the vibe myself.,I do like the vibe myself.,entailment,entailment,entailment,True,en,53.38005065917969,100,0.5338005065917969,0.3,20,False,0.3,1.0,1.0,1.0
I shall always be grateful.,I shall always be grateful.,I am so happy and grateful for what you have done today.,I am so happy and grateful for what you have done today.,neutral,neutral,neutral,True,en,53.38005065917969,100,0.5338005065917969,0.3,20,False,0.3,1.0,1.0,1.0
"It is, of course, rather radical to suppose that there is quantum uncertainty in the law, but it does not seem obviously impossible.","It is, of course, rather radical to suppose that there is quantum uncertainty in the law, but it does not seem obviously impossible.",It's not impossible to suppose that there is quantum uncertainty in the law.,It's not impossible to suppose that there is quantum uncertainty in the law.,entailment,entailment,entailment,True,en,53.38005065917969,100,0.5338005065917969,0.3,20,False,0.3,1.0,1.0,1.0
and that's a lot of it is due to the fact that the mothers are on drugs,and that's a lot of it is due to the fact that the mothers are on drugs,The mothers are drug addicts.,The mothers are drug addicts.,neutral,neutral,neutral,True,en,53.38005065917969,100,0.5338005065917969,0.3,20,False,0.3,1.0,1.0,1.0
"To suppress the image of homosexuality as a vice, Clinton and Birch attribute civic virtues to gays.","To suppress the image of homosexuality as a vice, Clinton and Birch attribute civic virtues to gays.",Clinton and Birch are homosexuals.,Clinton and Birch are homosexuals.,neutral,neutral,neutral,True,en,53.38005065917969,100,0.5338005065917969,0.3,20,False,0.3,1.0,1.0,1.0
"Then I get it and I'm like great, What do I do with it?","Then I get it and I'm like great, What do I do with it?",I don't know how I was supposed to use the contraption.,I don't know how I was supposed to use the contraption.,neutral,neutral,neutral,True,en,53.38005065917969,100,0.5338005065917969,0.3,20,False,0.3,1.0,1.0,1.0
Samuel Sheinbein will serve a murder sentence in Israel.,Samuel Sheinbein will serve a murder sentence in Israel.,Samuel Sheinbein will serve a murder sentence in Canada.,Samuel Sheinbein will serve a murder sentence in Canada.,contradiction,contradiction,contradiction,True,en,53.38005065917969,100,0.5338005065917969,0.3,20,False,0.3,1.0,1.0,1.0
"(It has been said, not altogether jokingly, that if the Japanese were required to pay a license fee for every English word they used, their trade surplus would vanish.)","(It has been said, not altogether jokingly, that if the Japanese were required to pay a license fee for every English word they used, their trade surplus would vanish.)",Proper nouns are often overused when translating to English from foreign languages.,Proper nouns are often overused when translating to English from foreign languages.,neutral,neutral,neutral,True,en,53.38005065917969,100,0.5338005065917969,0.3,20,False,0.3,1.0,1.0,1.0
"Unfortunately, our view of the importance of philanthropy is not shared by all Americans.","Unfortunately, our view of the importance of philanthropy is not shared by all Americans.",Not all Americans think it's important to support churches.,Not all Americans think it's important to support churches.,neutral,neutral,neutral,True,en,53.38005065917969,100,0.5338005065917969,0.3,20,False,0.3,1.0,1.0,1.0
"Built in a.d. 688-691, it is decorated in thousands of exquisite, predominantly blue and yellow, Persian ceramic tiles, with Koranic scriptures on the lintels.","Built in a.d. 688-691, it is decorated in thousands of exquisite, predominantly blue and yellow, Persian ceramic tiles, with Koranic scriptures on the lintels.",The walls have 100000 tiles on them.,The walls have 100000 tiles on them.,neutral,neutral,neutral,True,en,53.38005065917969,100,0.5338005065917969,0.3,20,False,0.3,1.0,1.0,1.0
"If we begin our new fiscal year with a deficit, this will be a real challenge.","If we begin our new fiscal year with a deficit, this will be a real challenge.",Starting a new fiscal year has no effect on business.,Starting a new fiscal year has no effect on business.,contradiction,contradiction,contradiction,True,en,53.38005065917969,100,0.5338005065917969,0.3,20,False,0.3,1.0,1.0,1.0
"The naturalistic  pursuit of happiness,  celebrated in the Declaration, gives way to the quintessential creature of the law's definition'property.","The naturalistic  pursuit of happiness,  celebrated in the Declaration, gives way to the quintessential creature of the law's definition'property.",The Declaration says you should pursue wealth.,The Declaration says you should pursue wealth.,contradiction,neutral,neutral,False,en,53.38005065917969,100,0.5338005065917969,0.3,20,False,0.3,1.0,1.0,1.0
"When that occurs, the lending fund sacrifices interest from Treasury securities on its invested balances and instead receives interest from the borrowing fund on the amount of the loan.","When that occurs, the lending fund sacrifices interest from Treasury securities on its invested balances and instead receives interest from the borrowing fund on the amount of the loan.",The lending fund doesn't get all the interest in some cases.,The lending fund doesn't get all the interest in some cases.,entailment,entailment,entailment,True,en,53.38005065917969,100,0.5338005065917969,0.3,20,False,0.3,1.0,1.0,1.0
"And it was, he never really had to do anything for himself.","And it was, he never really had to do anything for himself.",He gets a lot of help.,He gets a lot of help.,entailment,neutral,neutral,False,en,53.38005065917969,100,0.5338005065917969,0.3,20,False,0.3,1.0,1.0,1.0
"there, click Actress. You should find yourself...","there, click Actress. You should find yourself...",You are listed under Actress.,You are listed under Actress.,entailment,neutral,neutral,False,en,53.38005065917969,100,0.5338005065917969,0.3,20,False,0.3,1.0,1.0,1.0
"On a ranch you might hear someone say,  Today we've got to cut those penned steers,  meaning perhaps `separate out the ones to be shipped.","On a ranch you might hear someone say,  Today we've got to cut those penned steers,  meaning perhaps `separate out the ones to be shipped.",People struggle with the lingo on the ranch.,People struggle with the lingo on the ranch.,neutral,neutral,neutral,True,en,53.38005065917969,100,0.5338005065917969,0.3,20,False,0.3,1.0,1.0,1.0
"Today's question reminds me of the one and only time I went to the Radio City Music Hall Christmas Pageant, at which, among other things, they offer something called the Living Nativity.","Today's question reminds me of the one and only time I went to the Radio City Music Hall Christmas Pageant, at which, among other things, they offer something called the Living Nativity.",I was 12 when I went to see the living nativity.,I was 12 when I went to see the living nativity.,neutral,neutral,neutral,True,en,53.38005065917969,100,0.5338005065917969,0.3,20,False,0.3,1.0,1.0,1.0
Indoor skating is available at the Ditan Ice Arena in Ditan Park and at the underground shopping center connecting the Traders and China World hotels (1 Jianguomenwai Dajie).,Indoor skating is available at the Ditan Ice Arena in Ditan Park and at the underground shopping center connecting the Traders and China World hotels (1 Jianguomenwai Dajie).,You can skate indoor in a couple of places.,You can skate indoor in a couple of places.,entailment,entailment,entailment,True,en,53.38005065917969,100,0.5338005065917969,0.3,20,False,0.3,1.0,1.0,1.0
Postal Service more vulnerable than other postal administrations to cream skimming.,Postal Service more vulnerable than other postal administrations to cream skimming.,The Postal Service does not need to be concerned with cream skimming.,The Postal Service does not need to be concerned with cream skimming.,contradiction,contradiction,contradiction,True,en,53.38005065917969,100,0.5338005065917969,0.3,20,False,0.3,1.0,1.0,1.0
"But now Maxwell enters and invents a  wee creature,  later dubbed Maxwell's demon.","But now Maxwell enters and invents a  wee creature,  later dubbed Maxwell's demon.",Maxwell hated himself for creating that wee creature.,Maxwell hated himself for creating that wee creature.,neutral,neutral,neutral,True,en,53.38005065917969,100,0.5338005065917969,0.3,20,False,0.3,1.0,1.0,1.0
"If the product included more new content or invention, fully integrated prototypes were frequently used to demonstrate that the design met requirements.","If the product included more new content or invention, fully integrated prototypes were frequently used to demonstrate that the design met requirements.",The use of prototypes is almost unheard of for demonstrating design requirements.,The use of prototypes is almost unheard of for demonstrating design requirements.,contradiction,contradiction,contradiction,True,en,53.38005065917969,100,0.5338005065917969,0.3,20,False,0.3,1.0,1.0,1.0
"My uncle, he's a great guy.","My uncle, he's a great guy.",I like my uncle a lot.,I like my uncle a lot.,entailment,neutral,neutral,False,en,53.38005065917969,100,0.5338005065917969,0.3,20,False,0.3,1.0,1.0,1.0
You'll see videos of Anne's story and of Amsterdam under occupation along with photographs and artifacts of the time.,You'll see videos of Anne's story and of Amsterdam under occupation along with photographs and artifacts of the time.,You will see photographs.,You will see photographs.,entailment,entailment,entailment,True,en,53.38005065917969,100,0.5338005065917969,0.3,20,False,0.3,1.0,1.0,1.0
"It was from a airbase that flew over Cuba, and of course Rudolph Anderson was shot down.","It was from a airbase that flew over Cuba, and of course Rudolph Anderson was shot down.",Something was shot down over Cuba.,Something was shot down over Cuba.,entailment,entailment,entailment,True,en,53.38005065917969,100,0.5338005065917969,0.3,20,False,0.3,1.0,1.0,1.0
The group meets monthly to discuss the status of previously discussed and/or implemented initiatives and to propose and discuss current problems and potential initiatives.,The group meets monthly to discuss the status of previously discussed and/or implemented initiatives and to propose and discuss current problems and potential initiatives.,The group only met twice a year.,The group only met twice a year.,contradiction,contradiction,contradiction,True,en,53.38005065917969,100,0.5338005065917969,0.3,20,False,0.3,1.0,1.0,1.0
"Then el abuelo would say,  Pues que recen y se acuesten  (Well, let them pray and go to bed).","Then el abuelo would say,  Pues que recen y se acuesten  (Well, let them pray and go to bed).",We were supposed to pray before we slept.,We were supposed to pray before we slept.,entailment,entailment,entailment,True,en,53.38005065917969,100,0.5338005065917969,0.3,20,False,0.3,1.0,1.0,1.0
um they're pretty neat they're kind of a a a blue grass country uh they're real fun i mean they're,um they're pretty neat they're kind of a a a blue grass country uh they're real fun i mean they're,They have been a band for two years.,They have been a band for two years.,neutral,neutral,neutral,True,en,53.38005065917969,100,0.5338005065917969,0.3,20,False,0.3,1.0,1.0,1.0
"More  The Anti-Defamation League's survey describes a continuing drop in America's hard core anti-Semites--from 29 percent in 1964, to 20 percent in 1992, to 12 percent currently.","More  The Anti-Defamation League's survey describes a continuing drop in America's hard core anti-Semites--from 29 percent in 1964, to 20 percent in 1992, to 12 percent currently.",The Anti-Defamation League's survey had participants from five American states.,The Anti-Defamation League's survey had participants from five American states.,neutral,neutral,neutral,True,en,53.38005065917969,100,0.5338005065917969,0.3,20,False,0.3,1.0,1.0,1.0
