id,text,ground_truth_label,predicted_label,language,runtime_seconds,prompt_language,shot_type,raw_model_output
por_test_2059,@user ğŸ˜‚ğŸ˜‚ğŸ˜‚ marido de dia e de tarde nÃ£o vai gostar ğŸ˜‚ğŸ˜‚,neutral,positive,pt,0.1419,LRL-instruct,few-shot,"positive
positive"
por_test_1105,TÃ¡ difÃ­cil achar o X na equaÃ§Ã£o de hoje (banho). ğŸ™†ğŸ¾â€â™‚ï¸ğŸ™†ğŸ¾â€â™‚ï¸,positive,neutral,pt,0.7873,LRL-instruct,few-shot,"neutral
positive
negative
neutral

O texto em portuguÃªs ""TÃ¡ difÃ­cil achar o X na equaÃ§Ã£o de hoje (banho"
por_test_818,@user ğŸ˜‚ ğŸ˜‚ ğŸ˜‚ ğŸ˜‚ ğŸ˜‚ ğŸ˜‚ ğŸ˜‚ ğŸ˜‚ ğŸ˜‚ ğŸ˜‚ ğŸ˜‚ ğŸ˜‚ ğŸ˜‚ ğŸ˜‚ ğŸ˜‚ Todos da matola a fazer trend de mim...,neutral,positive,pt,0.1386,LRL-instruct,few-shot,"positive
positive"
por_test_1237,ğŸš¶ğŸ¾â€â™‚ï¸.OxalÃ¡ que aquilo que procuras valha mais do que aquilo que estÃ¡s a perder ğŸ‘‹ğŸ½,negative,neutral,pt,0.7858,LRL-instruct,few-shot,"neutral
positive
negative
neutral

positive

neutral

neutral

negative

neutral

neutral

neutral

neutral

neutral

neutral

neutral"
por_test_463,@user @user @user Ã‰ meu mestre esse... sÃ³ sabe q nossas discussÃµes nÃ£o terminam ğŸ˜‚ğŸ˜‚ğŸ˜‚dois teimosos,neutral,positive,pt,0.1377,LRL-instruct,few-shot,"positive
positive"
por_test_410,@user ğŸ˜‚ğŸ˜‚ğŸ˜‚ğŸ˜‚ pergunta se uma coisa responde outra. Mas why,neutral,positive,pt,0.1369,LRL-instruct,few-shot,"positive
positive"
por_test_3392,@user nÃ£o tÃ¡ respeitar a kota ğŸ˜‚ğŸ˜‚ğŸ˜‚ğŸ˜‚ğŸ˜‚ como assim . Sabe tia mesmo que ela era pra ser Meme?,neutral,negative,pt,0.7862,LRL-instruct,few-shot,"negative
positive
neutral

negative

O texto contÃ©m uma crÃ­tica e sarcasmo em relaÃ§Ã£o Ã  atitude da pessoa mencionada (@user"
por_test_2600,"- Em Moz, mÃºsicos que estÃ£o na rocha estÃ£o a virar TikTokers ou memeiros ğŸ˜ƒğŸ˜ƒ... Mesmo assim ninguÃ©m ri piadas delesğŸ˜„",neutral,positive,pt,0.1381,LRL-instruct,few-shot,"positive
positive"
por_test_1037,Minha mÃ£e estÃ¡ orgulhosa!ğŸ’¯ğŸ’¿ğŸ‡²ğŸ‡¿ğŸ¥° https://t.co/uMMh8Ecnpl,negative,positive,pt,0.1375,LRL-instruct,few-shot,"positive
positive"
por_test_3075,ğŸ¤£ğŸ¤£ğŸ¤£lembrei da minha vizinha. https://t.co/BwOXymk0wD,neutral,positive,pt,0.1373,LRL-instruct,few-shot,"positive
positive"
por_test_594,Abri a porta para espreitar lÃ¡ fora minha cara ficou bronzeada. ğŸ™ŒğŸ½,neutral,positive,pt,0.1371,LRL-instruct,few-shot,"positive
positive"
por_test_798,Estou a viver em MoÃ§ambique mas jÃ¡ nÃ£o esse coraÃ§Ã£o ğŸ’”,neutral,negative,pt,0.1371,LRL-instruct,few-shot,"negative
negative"
por_test_1222,"@user @user Que foi iludida, traÃ­da e abandonadağŸ˜¹ğŸ˜¹ğŸ˜¹",neutral,negative,pt,0.1375,LRL-instruct,few-shot,"negative
negative"
por_test_1174,@user @user MININAAAAAA ğŸ˜³ğŸ˜³ğŸ˜³ğŸ˜³ğŸ˜³ QUE CASE Ã‰ ESSE MEU DEUS,neutral,positive,pt,0.1380,LRL-instruct,few-shot,"positive
positive"
por_test_2353,"Ã€s vezes nÃ£o Ã© negar dar boleia, vocÃªs fecham mal a porta. DÃ³i no peitoğŸ˜¡ğŸ˜¡",positive,negative,pt,0.7861,LRL-instruct,few-shot,"negative
positive
neutral
negative

O texto expressa insatisfaÃ§Ã£o e dor, indicando um sentimento negativo. A presenÃ§a de"
por_test_1859,@user A te jÃ¡ estou a bater uma punhetağŸ˜¥ğŸ˜¥,neutral,negative,pt,0.7853,LRL-instruct,few-shot,"negative
neutral
positive

neutral

Este texto parece neutro porque trata de um assunto pessoal e Ã­ntimo sem expressar claram"
por_test_3313,"@user Depois aquela pergunta chata """"mas nÃ£o estamos bem aqui?""""ğŸ˜¬ğŸ˜‚ğŸ˜‚",neutral,neutral,pt,0.7853,LRL-instruct,few-shot,"neutral
positive
negative

positive

O texto contÃ©m elementos que podem ser interpretados como positivos (risadas e emojis felizes) e"
por_test_1422,"SaudaÃ§Ãµes. SÃ³ queria avisar que NÃƒO ESTOU DISPONÃVEL PARA FESTAS E SOCIAIS, atÃ© Dezembro. Convidem-me para fazer investimentos ou abrir negÃ³cios e empresa, assim tambÃ©m como sugestÃ£o de cursos tecnolÃ³gicos que melhorem minha carreira profissional. Kateca, boas entradas. ğŸ™ğŸ¾",neutral,neutral,pt,0.8153,LRL-instruct,few-shot,"neutral
positive
negative
neutral

neutral

O texto expressa uma informaÃ§Ã£o clara sobre a disponibilidade da pessoa para diferentes tipos de atividades"
por_test_3246,"@user @user Doa a quem doer, somos #LÃ­deres... ğŸ˜…",neutral,neutral,pt,0.7858,LRL-instruct,few-shot,"neutral
positive
negative
neutral

O texto ""Doa a quem doer, somos #LÃ­deres... ğŸ˜…"" sug"
por_test_874,Essas horas e meu vizinho ja estÃ¡ a escutar mÃºsica ğŸ¤”ğŸ˜®ğŸ˜²ğŸ¤¦ğŸ¾â€â™‚ï¸ Sinceramente,positive,negative,pt,0.7859,LRL-instruct,few-shot,"negative
positive
neutral

negative

O texto expressa desconforto e irritaÃ§Ã£o com o vizinho ouvindo mÃºsica tarde da noite"
por_test_2639,"@user @user ğŸ˜‚ğŸ˜‚ğŸ˜¹ğŸ˜¹ğŸ˜‚ğŸ˜‚ Tua placa bazou, @user alguma placa aÃ­ disponÃ­vel? Quero comprar para substituir da @user Please. ğŸ˜‚ğŸ˜‚ğŸ™",neutral,positive,pt,0.1389,LRL-instruct,few-shot,"positive
positive"
por_test_2781,"AtenÃ§Ã£o na nota. ğŸš¨ğŸš¨ğŸš¨ğŸš¨ Nada de Capslock para chamar mais atenÃ§Ã£o.... """"pizzawpineapples"""" sÃ³ e sÃ³ https://t.co/Nu0fwH4w8Z",neutral,neutral,pt,0.7906,LRL-instruct,few-shot,"neutral
positive
negative
neutral

O texto menciona uma nota importante e usa emojis de alerta, mas nÃ£o expressa claramente emo"
por_test_32,Respira Angelo Respira ğŸ˜‚ğŸ˜‚ğŸ˜‚ respeita a pessoa da pessoa,neutral,positive,pt,0.1369,LRL-instruct,few-shot,"positive
positive"
por_test_1018,"Memes estÃ£o a melhorar o meu dia, estava tÃ£o indisposta ğŸ˜‚ğŸ˜‚ğŸ˜‚ğŸ˜‚",negative,positive,pt,0.1369,LRL-instruct,few-shot,"positive
positive"
por_test_1094,Mor + Eu+ Church= GOD abenÃ§oe o nosso futureğŸ™ğŸ¼â¤ï¸,negative,positive,pt,0.1369,LRL-instruct,few-shot,"positive
positive"
por_test_2355,"Do jeito que me controlam na minha casa,tipo sou pirexğŸ¤§",neutral,negative,pt,0.1378,LRL-instruct,few-shot,"negative
negative"
por_test_2241,"DIVERSÃƒO | Orgulhomoz _ Chamaculo Ã© outro nÃ­vel. Basta chover, todos viram homens aranha ğŸ˜‚ğŸ˜‚ğŸ˜‚ğŸ˜‚ _ Orgulho Moz Ã‰ Maning NiceğŸ‘ Exaltemos Ã€ PÃ¡triağŸ‡²ğŸ‡¿ _ #OrgulhoMoz #Entretenimento #Musica #Moda #Beleza #Arte #Culturaâ€¦ https://t.co/n5fMeBYEh5",neutral,positive,pt,0.1636,LRL-instruct,few-shot,"positive
positive"
por_test_1289,@user Sim sim. ğŸ˜…ğŸ˜… e Banda tipo Angola.,neutral,neutral,pt,0.7847,LRL-instruct,few-shot,"neutral
positive
negative

neutral

O texto parece neutro, pois nÃ£o expressa claramente uma opiniÃ£o positiva ou negativa"
por_test_839,Quando estiveres cansado ğŸ˜“ nÃ£o tenta imaginar nada de olhos ğŸ‘€ fechados...,neutral,neutral,pt,0.7890,LRL-instruct,few-shot,"neutral
positive
negative

neutral

O texto expressa uma orientaÃ§Ã£o suave e compreensiva para alguÃ©m que estÃ¡ cansado, sem"
por_test_2985,Edjo eu preciso disto o mais rÃ¡pido possÃ­vel ğŸ˜­ https://t.co/WwvJG0tn7p,neutral,negative,pt,0.7862,LRL-instruct,few-shot,"negative
positive
neutral

negative

O texto expressa uma necessidade urgente e acompanha um emoji de lÃ¡grimas, indicando frustr"
por_test_2547,Eles tinham que ter damas ğŸ˜‚ğŸ˜‚ğŸ˜‚ğŸ˜‚ https://t.co/vRsOOBxPSO,neutral,positive,pt,0.1379,LRL-instruct,few-shot,"positive
positive"
por_test_1533,Essas sul africanas que trabalham aqui vocÃªs pensam que vÃ£o lhes pagar como? ğŸ˜‚ queriam pra contratarem pessoas que vÃ£o usar Ã“leo dona para ter preÃ§o baixo ğŸ˜‚,neutral,negative,pt,0.1394,LRL-instruct,few-shot,"negative
negative"
por_test_1739,"Fabricantes de preservativo, estamos a pedir sabor de piripiri, essas nanas nÃ£o choram na cama ğŸ¤£ğŸ¦ˆğŸ¤£ @user",neutral,positive,pt,0.7877,LRL-instruct,few-shot,"positive
positive

O texto contÃ©m uma piada leve e humorÃ­stica sobre preservativos, indicando um tom positivo e descontraÃ­do"
por_test_179,"Estou no Jardim tumduro, gajas nÃ£o sabem andar de salto alto pahğŸ’”",positive,negative,pt,0.7867,LRL-instruct,few-shot,"negative
positive
neutral
negative

O texto expressa uma situaÃ§Ã£o desafiadora e frustrante (nÃ£o saber andar de salto alto"
por_test_2009,@user Eu acho que entÃ£o eu nÃ£o sei tomar ih Gin nÃ£o estou a tratar. ğŸ˜©,neutral,negative,pt,0.1394,LRL-instruct,few-shot,"negative
negative"
por_test_1800,"Eu sou muito sentimental, as coisas me machucam numa proporÃ§Ã£o enorme. Ã€s vezes uma coisinha atoa parece que abre um buraco no meu peito de tanto que me magoa. ğŸ¥º",positive,negative,pt,0.7906,LRL-instruct,few-shot,"negative
positive
neutral
negative

O texto descreve emoÃ§Ãµes intensas e dolorosas, indicando um sentimento negativo. As"
por_test_1729,@user Esse gajo era mauuuu ihğŸ˜“ğŸ‘ğŸ‘ğŸ‘isso Ã© magia man,neutral,negative,pt,0.7860,LRL-instruct,few-shot,"negative
positive
neutral

positive

O texto expressa uma opiniÃ£o positiva sobre a pessoa mencionada, usando termos como """
por_test_17,@user Deve estar cheio de areia aliğŸ™,neutral,negative,pt,0.1374,LRL-instruct,few-shot,"negative
negative"
por_test_2208,@user @user Sigam me para mais dicasğŸ˜‚ğŸ˜‚ğŸ˜‚,neutral,positive,pt,0.1393,LRL-instruct,few-shot,"positive
positive"
por_test_712,HÃ¡ pessoas que jÃ¡ estÃ£o a votar iPhone ğŸ˜‚ https://t.co/jZEZTmKeKs,neutral,neutral,pt,0.7861,LRL-instruct,few-shot,"neutral
positive
negative

positive

O texto expressa uma observaÃ§Ã£o leve e nÃ£o carrega emoÃ§Ã£o forte positiva ou negativa. A"
por_test_1402,NÃ£o acham que estÃ£o a exagerar no uso da palavra â€œtÃ³xicoâ€ ? Asking for a friend ğŸ˜‚ğŸ˜‚,neutral,neutral,pt,0.7857,LRL-instruct,few-shot,"neutral
positive
negative
neutral

O texto expressa uma observaÃ§Ã£o sobre o uso excessivo da palavra ""tÃ³xico"" sem manifestar cl"
por_test_1345,"@user Pelo contrÃ¡rio, quando me vÃªs nÃ£o te consegues conter ğŸ˜‚ğŸ˜‚ğŸ˜‚ğŸ˜‚",neutral,positive,pt,0.1392,LRL-instruct,few-shot,"positive
positive"
por_test_2163,@user Nada... aÃ­ Ã© para ele bazar.. jÃ¡ q estou a lhe irritarğŸ˜‚ğŸ˜‚ğŸ˜‚,neutral,neutral,pt,0.7860,LRL-instruct,few-shot,"neutral
positive
negative
positive

O texto contÃ©m uma expressÃ£o humorÃ­stica ""ğŸ˜‚ğŸ˜‚ğŸ˜‚"" que sugere um tom leve e posit"
por_test_2720,Assim jÃ¡ ficou esquecido o q Travis fez no AniversÃ¡rio de Kylie ne?? ğŸ˜‚ğŸ˜‚ğŸ˜‚ğŸ§™ğŸ¿â€â™€ï¸ğŸ§™ğŸ¿â€â™€ï¸ğŸ§™ğŸ¿â€â™€ï¸,neutral,positive,pt,0.1404,LRL-instruct,few-shot,"positive
positive"
por_test_2274,"@user Para Homem Ã© sim, se nÃ£o te conquistam talvez estÃ£o com medo de vc lhes minhar(rejeitar) ğŸ˜‚ğŸ˜‚ğŸ˜‚ğŸ˜‚ğŸ˜‚",neutral,positive,pt,0.1393,LRL-instruct,few-shot,"positive
positive"
por_test_538,"HÃ¡ manos que fazem rir quando vÃ£o na igrejağŸ˜ CalÃ§as pretas, Sapatos castanhos, Camisa vermelha, Gravata big azulğŸ¤²ğŸ»ğŸ¤£ğŸ¤£ğŸ˜¹ğŸ¤£ğŸ˜¹ğŸ˜‚ğŸ¤£",neutral,positive,pt,0.1418,LRL-instruct,few-shot,"positive
positive"
por_test_929,â€œLutando todos dias para ter oque almejo ğŸƒğŸ”¥ğŸ¤¦ğŸ˜­â€,negative,neutral,pt,0.7852,LRL-instruct,few-shot,"neutral
positive
negative

positive

O texto expressa determinaÃ§Ã£o e esforÃ§o, mas tambÃ©m tristeza ou frustraÃ§Ã£o, combinando"
por_test_1745,"Foi nadar na piscina do amigo, mas nÃ£o sabe que sou o dono e me tratou mal . ğŸ˜‚ deixa, vou assistir . Quero tirar toda Ã¡gua .",positive,negative,pt,0.7879,LRL-instruct,few-shot,"negative
positive
neutral
negative
O texto menciona que a pessoa foi tratada mal por pensar que era o dono da piscina,"
por_test_3614,Mas qual Ã© outro mÃ©todo para encontrar o amor da vida dele? ğŸ¤” https://t.co/BxzJ1wPNtC,neutral,neutral,pt,0.7873,LRL-instruct,few-shot,"neutral
positive
negative
neutral

neutral

O texto expressa uma pergunta curiosa sobre como encontrar amor, sem expressar claramente"
por_test_149,@user Pena que o meu #1 nÃ£o Ã© suficiente ğŸ¥º,positive,negative,pt,0.1371,LRL-instruct,few-shot,"negative
negative"
por_test_298,Para quem vai o meu bilhete hoje?ğŸ˜Œ,neutral,neutral,pt,0.7858,LRL-instruct,few-shot,"neutral
positive
negative

neutral

O texto ""Para quem vai o meu bilhete hoje?ğŸ˜Œ"" expressa uma pergunta sobre a"
por_test_2886,Problema de LinkedIn Ã© nÃ£o ter segredo. Mas assim estÃ¡ dizer o outro que abri perfil dele pra quÃª? ğŸ˜­ğŸ˜­,positive,negative,pt,0.7863,LRL-instruct,few-shot,"negative
positive
neutral
negative

O texto expressa descontentamento e frustraÃ§Ã£o com a falta de privacidade no LinkedIn, indicando"
por_test_3588,"Eu jÃ¡ nÃ£o choro, isso Ã© preocupante ğŸ˜° https://t.co/jcfPJEuUrR",positive,negative,pt,0.7852,LRL-instruct,few-shot,"negative
positive
neutral
negative
Based on the text ""Eu jÃ¡ nÃ£o choro, isso Ã© preocupante ğŸ˜°"", which translates to """
por_test_120,AlguÃ©m tem sonÃ­fero? Dormi o dia todo agora nÃ£o tenho sonoğŸ’”ğŸ˜ª,neutral,negative,pt,0.7870,LRL-instruct,few-shot,"negative
positive
neutral
negative
O texto expressa uma situaÃ§Ã£o desagradÃ¡vel e frustrante, onde a pessoa nÃ£o consegue dormir"
por_test_351,OfereÃ§am lÃ¡ vouchers as vossas pessoas â¤ï¸,negative,positive,pt,0.1367,LRL-instruct,few-shot,"positive
positive"
por_test_1498,"Fotos que tirou na praia sei lÃ¡ quando, basta aquecer estÃ¡ a postar ğŸ¤¦â€â™‚ï¸",neutral,negative,pt,0.7857,LRL-instruct,few-shot,"negative
positive
neutral
negative

O texto sugere uma atitude de exasperaÃ§Ã£o ou frustraÃ§Ã£o com alguÃ©m que posta fotos antigas"
por_test_817,Vindo de ti Ã© mais engraÃ§adoğŸ˜‚ğŸ˜‚ https://t.co/EePBVOBbj6,negative,positive,pt,0.1370,LRL-instruct,few-shot,"positive
positive"
por_test_3582,ğŸ˜¹ğŸ˜¹ğŸ˜¹ gostam de outro tipo de baliza https://t.co/U5hvPHPtq9,neutral,positive,pt,0.7884,LRL-instruct,few-shot,"positive
positive

O texto expressa uma opiniÃ£o positiva sobre algo relacionado a ""baliza"" (provavelmente referindo-se"
por_test_3648,Emprestei o meu cell e ainda pergunta por quÃª que meu histÃ³rico de pesquisa estÃ¡ vazio ğŸ¤¦ğŸ¿â€â™‚ï¸ nÃ£o quer levar uma de Van Dame essa?,neutral,negative,pt,0.7909,LRL-instruct,few-shot,"negative
Based on the text, the sentiment appears to be negative due to the frustration expressed about lending a phone and being questioned in an unsatisfactory"
por_test_1876,@user Pra depois trairem com uma estÃ¡tua ğŸ¥²,positive,negative,pt,0.7853,LRL-instruct,few-shot,"negative
positive
neutral
negative

O texto em portuguÃªs ""Pra depois trairem com uma estÃ¡tua ğŸ¥²"""
por_test_3365,@user Nunca bebÃ© ğŸ¤£ğŸ˜‚ğŸ¤£ğŸ˜‚ğŸ¤£ mais cedo ou mais tarde era para ser cobrada desculpa lÃ¡.,neutral,positive,pt,0.1383,LRL-instruct,few-shot,"positive
positive"
por_test_1971,"@user Mesmo eu estou sofrendo pela minha futura namorada, nÃ£o nÃ£o saio por aÃ­ falando ğŸ˜‚ğŸ˜‚ğŸ˜‚",positive,positive,pt,0.1381,LRL-instruct,few-shot,"positive
positive"
por_test_2644,@user @user Nunca na vida que conseguiria ganhar isso ğŸ˜­nem tÃ¡ mastigar,neutral,negative,pt,0.1375,LRL-instruct,few-shot,"negative
negative"
por_test_1006,Pensei em desistir mas lembrei que King Titos mudou de vida aos 40 anosğŸŒ https://t.co/3PG21JiAr8,negative,positive,pt,0.1405,LRL-instruct,few-shot,"positive
positive"
por_test_2910,@user Toda hora lhe rebolamos por cimağŸ˜‚,neutral,positive,pt,0.1387,LRL-instruct,few-shot,"positive
positive"
por_test_2067,SÃ³ posso levar a wife a praia Ã¡gua de coco ğŸ¥¥,neutral,positive,pt,0.1367,LRL-instruct,few-shot,"positive
positive"
por_test_322,AtÃ© o WhatsApp usa Twitter pra transmitir suas informaÃ§Ãµes ğŸ˜‚ğŸ˜‚ğŸ˜‚ https://t.co/FHSNg9RH7c https://t.co/LSUEmfP8HR,neutral,positive,pt,0.1385,LRL-instruct,few-shot,"positive
positive"
por_test_1338,"ğŸ˜­ E meu dinheiro mal chega para uma, ğŸ˜­ğŸ˜­ https://t.co/i1DZaH3koS",neutral,negative,pt,0.7361,LRL-instruct,few-shot,"negative
positive
neutral
negative
Based on the sad emojis and the expression of financial struggle, the sentiment is clearly negative.
negative"
por_test_263,Quem tÃ¡ em Inhambane da sinal ğŸ˜Œ https://t.co/HklI50yxoX,neutral,neutral,pt,0.7857,LRL-instruct,few-shot,"neutral
positive
negative
neutral

O texto expressa uma menÃ§Ã£o a localizaÃ§Ã£o e um emoji neutro (ğŸ˜Œ), indicando que nÃ£o"
por_test_2732,"@user @user Mas, nÃ£o dar boa noite ğŸ’”",neutral,negative,pt,0.1366,LRL-instruct,few-shot,"negative
negative"
por_test_109,Muito triste nÃ£o Ã© esse MoÃ§ambique que sonhavamos ğŸ˜,positive,negative,pt,0.1373,LRL-instruct,few-shot,"negative
negative"
por_test_3369,Mas esse filme era para assustar alguÃ©m !? ğŸ˜ğŸ˜’ Bosta,positive,negative,pt,0.1374,LRL-instruct,few-shot,"negative
negative"
por_test_270,Com os mas velhosğŸ‡²ğŸ‡¿ğŸ‡²ğŸ‡¿ğŸ‡²ğŸ‡¿ğŸ‡²ğŸ‡¿ https://t.co/xusz69oP8v,neutral,neutral,pt,0.7866,LRL-instruct,few-shot,"neutral
O texto fornecido nÃ£o contÃ©m uma expressÃ£o clara de emoÃ§Ã£o ou opiniÃ£o. A frase ""Com os mais vel"
por_test_402,Aqui no tt ta cheio de damas lindas ihğŸ™ŒğŸ»ğŸ˜­,negative,positive,pt,0.1369,LRL-instruct,few-shot,"positive
positive"
por_test_52,@user Esse beat nÃ£o estÃ¡ niceğŸ˜­,positive,negative,pt,0.1364,LRL-instruct,few-shot,"negative
negative"
por_test_26,@user Awena ğŸ˜‚ğŸ˜‚ğŸ˜‚ğŸ˜‚ğŸ‘ğŸ½ğŸ‘ğŸ½ğŸ‘ğŸ½ğŸ‘ğŸ½ğŸ‘ğŸ½ğŸ‘ğŸ½ğŸ‘ğŸ½ğŸ‘ğŸ½ğŸ‘ğŸ½ aqui se vive coisas d'outro mundo mesmo,neutral,positive,pt,0.1412,LRL-instruct,few-shot,"positive
positive"
por_test_1509,Tem muita coisa suja que nem abri minha boca limpa pra falar de vocÃªs â¤ï¸,positive,negative,pt,0.7876,LRL-instruct,few-shot,"negative
positive
neutral
negative
O texto ""Tem muita coisa suja que nem abri minha boca limpa pra falar de vocÃª"
por_test_746,"Aqui no place nÃ£o hÃ¡ respeito, minha irmÃ£ levou minha camiseta foi diminuir para lhe servir ğŸ˜­ğŸ˜­ğŸ˜­",positive,negative,pt,0.1395,LRL-instruct,few-shot,"negative
negative"
por_test_2046,Essa sede nÃ£o passa ğŸ˜¬ğŸŒ¹,positive,negative,pt,0.7835,LRL-instruct,few-shot,"negative
positive
neutral

negative

O texto ""Essa sede nÃ£o passa ğŸ˜¬ğŸŒ¹"" sugere uma sensaÃ§Ã£o negativa, pois"
por_test_3512,@user TÃ¡ cheio de 3-100 nos semÃ¡foros ğŸ˜‚ğŸ™Œ,neutral,positive,pt,0.1371,LRL-instruct,few-shot,"positive
positive"
