original_text_lrl,ground_truth_label,predicted_label,ground_truth_english_label,intermediate_en_text,intermediate_en_label,predicted_lrl_label_final_raw,comet_lrl_text_to_en,comet_en_label_to_lrl,raw_model_response,runtime_seconds_sample,language,pipeline,shot_type
@user ğŸ˜‚ğŸ˜‚ğŸ˜‚ marido de dia e de tarde nÃ£o vai gostar ğŸ˜‚ğŸ˜‚,neutral,positive,neutral,@user ğŸ˜‚ğŸ˜‚ğŸ˜‚ husband during the day and in the afternoon will not like it ğŸ˜‚ğŸ˜‚,positive,[Extraction Error LRL Label],,,"---

English Translation:
@user ğŸ˜‚ğŸ˜‚ğŸ˜‚ husband during the day and in the afternoon will not like it ğŸ˜‚ğŸ˜‚

English Sentiment Label:
positive

Portugese Sentiment Label:
positivo
--- Here is the completed task following the specified format:

---

English Translation:
@user ğŸ˜‚ğŸ˜‚ğŸ˜‚ husband during the day and in the afternoon will not like it ğŸ˜‚ğŸ˜‚

English Sentiment Label:
positive

Portuguese Sentiment Label:
positivo

--- 

Note: The original text contains emojis that convey laughter and amusement, which suggests a positive sentiment despite the mention of the husband not liking it. Therefore, the overall sentiment is considered positive due to the use of laughing emojis. However, if you strictly want to",3.873589515686035,pt,single_prompt,few-shot
TÃ¡ difÃ­cil achar o X na equaÃ§Ã£o de hoje (banho). ğŸ™†ğŸ¾â€â™‚ï¸ğŸ™†ğŸ¾â€â™‚ï¸,positive,neutral,positive,It's difficult to find the X in today's equation (bath). ğŸ‘ğŸ‘,neutral,[Extraction Error LRL Label],,,"---

English Translation:
It's difficult to find the X in today's equation (bath). ğŸ‘ğŸ‘

English Sentiment Label:
neutral

Portuguese Sentiment Label:
neutro
--- 

Note: The smiley faces were translated as ""ğŸ‘ğŸ‘"" which is a common way to represent them in text when translating from Portuguese to English. If you prefer a different representation, feel free to adjust accordingly while maintaining the structure and format. Here is the completed task:

---

English Translation:
It's difficult to find the X in today's equation (bath). ğŸ™†ğŸ¾â€â™‚ï¸ğŸ™†ğŸ¾â€â™‚ï¸

English Sentiment Label:
neutral

Portuguese Sentiment Label:
neutro

",3.893079996109009,pt,single_prompt,few-shot
@user ğŸ˜‚ ğŸ˜‚ ğŸ˜‚ ğŸ˜‚ ğŸ˜‚ ğŸ˜‚ ğŸ˜‚ ğŸ˜‚ ğŸ˜‚ ğŸ˜‚ ğŸ˜‚ ğŸ˜‚ ğŸ˜‚ ğŸ˜‚ ğŸ˜‚ Todos da matola a fazer trend de mim...,neutral,positive,neutral,@user ğŸ˜‚ğŸ˜‚ğŸ˜‚ğŸ˜‚ğŸ˜‚ğŸ˜‚ğŸ˜‚ğŸ˜‚ğŸ˜‚ğŸ˜‚ğŸ˜‚ğŸ˜‚ğŸ˜‚ğŸ˜‚ğŸ˜‚ğŸ˜‚ğŸ˜‚ Todos da matola a fazer trend de mim...,positive,[Extraction Error LRL Label],,,"---

English Translation:
@user ğŸ˜‚ğŸ˜‚ğŸ˜‚ğŸ˜‚ğŸ˜‚ğŸ˜‚ğŸ˜‚ğŸ˜‚ğŸ˜‚ğŸ˜‚ğŸ˜‚ğŸ˜‚ğŸ˜‚ğŸ˜‚ğŸ˜‚ğŸ˜‚ğŸ˜‚ Todos da matola a fazer trend de mim...

English Sentiment Label:
positive

Portuguese Sentiment Label:
positivo
--- Explanation ---
Step 1 involved translating the given Portuguese text into English while preserving emojis and context.
Step 2 analyzed the translated text and determined that despite the use of laughing emojis, the overall tone seems playful rather than sarcastic, hence labeled as positive.
Step 3 translated the sentiment label ""positive"" into Portuguese as ""positivo"". ---

English Translation:
@user ğŸ˜‚ğŸ˜‚ğŸ˜‚ğŸ˜‚ğŸ˜‚ğŸ˜‚ğŸ˜‚ğŸ˜‚ğŸ˜‚ğŸ˜‚ğŸ˜‚ğŸ˜‚ğŸ˜‚ğŸ˜‚ğŸ˜‚ğŸ˜‚ğŸ˜‚ Todos da matola a",3.8720579147338867,pt,single_prompt,few-shot
ğŸš¶ğŸ¾â€â™‚ï¸.OxalÃ¡ que aquilo que procuras valha mais do que aquilo que estÃ¡s a perder ğŸ‘‹ğŸ½,negative,neutral,negative,May what you are seeking be worth more than what you are losing ğŸ‘‹ğŸ½,neutral,[Extraction Error LRL Label],,,"---

English Translation:
May what you are seeking be worth more than what you are losing ğŸ‘‹ğŸ½

English Sentiment Label:
neutral

Portugesimaltido:
neutro
--- 
End of Response --- The task has been completed correctly and follows the specified format. Here's the final output:

---

English Translation:
May what you are seeking be worth more than what you are losing ğŸ‘‹ğŸ½

English Sentiment Label:
neutral

Portuguese Sentiment Label:
neutro

--- 
End of Response --- 

If further assistance or additional tasks are needed, feel free to ask!",3.1835882663726807,pt,single_prompt,few-shot
@user @user @user Ã‰ meu mestre esse... sÃ³ sabe q nossas discussÃµes nÃ£o terminam ğŸ˜‚ğŸ˜‚ğŸ˜‚dois teimosos,neutral,positive,neutral,@user @user @user He is my master... he only knows that our discussions never end ğŸ˜‚ğŸ˜‚ğŸ˜‚two stubborn ones,positive,[Extraction Error LRL Label],,,"---

English Translation:
@user @user @user He is my master... he only knows that our discussions never end ğŸ˜‚ğŸ˜‚ğŸ˜‚two stubborn ones

English Sentiment Label:
positive

Portugess Sentiment Label:
positivo
--- Here is the completed task following the precise three-step structure:

---

English Translation:
@user @user @user He is my master... he only knows that our discussions never end ğŸ˜‚ğŸ˜‚ğŸ˜‚two stubborn ones

English Sentiment Label:
positive

Portuguese Sentiment Label:
positivo

--- 
Note: The original text contains playful and friendly tone with emojis indicating laughter, which suggests a positive sentiment. Therefore, the sentiment is labeled as positive in both English and Portuguese. 

--- 
Please",3.875188112258911,pt,single_prompt,few-shot
@user ğŸ˜‚ğŸ˜‚ğŸ˜‚ğŸ˜‚ pergunta se uma coisa responde outra. Mas why,neutral,positive,neutral,@user ğŸ˜‚ğŸ˜‚ğŸ˜‚ğŸ˜‚ asks if one thing answers another. But why,positive,[Extraction Error LRL Label],,,"English Translation:
@user ğŸ˜‚ğŸ˜‚ğŸ˜‚ğŸ˜‚ asks if one thing answers another. But why

English Sentiment Label:
positive

Portuguese Sentiment Label:
positivo
--- ```plaintext
English Translation:
@user ğŸ˜‚ğŸ˜‚ğŸ˜‚ğŸ˜‚ asks if one thing answers another. But why

English Sentiment Label:
positive

Portuguese Sentiment Label:
positivo
```",2.0899245738983154,pt,single_prompt,few-shot
@user nÃ£o tÃ¡ respeitar a kota ğŸ˜‚ğŸ˜‚ğŸ˜‚ğŸ˜‚ğŸ˜‚ como assim . Sabe tia mesmo que ela era pra ser Meme?,neutral,negative,neutral,@user is not respecting the quota ğŸ˜‚ğŸ˜‚ğŸ˜‚ğŸ˜‚ğŸ˜‚ how come . Do you know auntie that she was supposed to be a Meme?,negative,[Extraction Error LRL Label],,,"---

English Translation:
@user is not respecting the quota ğŸ˜‚ğŸ˜‚ğŸ˜‚ğŸ˜‚ğŸ˜‚ how come . Do you know auntie that she was supposed to be a Meme?

English Sentiment Label:
negative

Portugese Sentiment Label:
negativo
--- Here's the completed task following the specified format:

---

English Translation:
@user is not respecting the quota ğŸ˜‚ğŸ˜‚ğŸ˜‚ğŸ˜‚ğŸ˜‚ how come . Do you know auntie that she was supposed to be a Meme?

English Sentiment Label:
negative

Portuguese Sentiment Label:
negativo
--- 

(End of response)",3.187998056411743,pt,single_prompt,few-shot
"- Em Moz, mÃºsicos que estÃ£o na rocha estÃ£o a virar TikTokers ou memeiros ğŸ˜ƒğŸ˜ƒ... Mesmo assim ninguÃ©m ri piadas delesğŸ˜„",neutral,neutral,neutral,"In Maputo, musicians who are on the rock are becoming TikTokers or memes... Even so, no one laughs at their jokes ğŸ˜„",neutral,[Extraction Error LRL Label],,,"---

English Translation:
In Maputo, musicians who are on the rock are becoming TikTokers or memes... Even so, no one laughs at their jokes ğŸ˜„

English Sentiment Label:
neutral

Portuguese Sentiment Label:
neutro
--- Here's the completed task following the specified format:

English Translation:
In Maputo, musicians who are on the rock are becoming TikTokers or memes... Even so, no one laughs at their jokes ğŸ˜„

English Sentiment Label:
neutral

Portuguese Sentiment Label:
neutro
--- 

Note that the original text contains some colloquial expressions and emojis which might influence the sentiment slightly towards a more casual tone, but overall, the statement remains relatively neutral in",3.873436450958252,pt,single_prompt,few-shot
Minha mÃ£e estÃ¡ orgulhosa!ğŸ’¯ğŸ’¿ğŸ‡²ğŸ‡¿ğŸ¥° https://t.co/uMMh8Ecnpl,negative,positive,negative,My mother is proud!ğŸ’¯ğŸ’¿ğŸ‡²ğŸ‡¿ğŸ¥° https://t.co/uMMh8Ecnpl,positive,[Extraction Error LRL Label],,,"---

English Translation:
My mother is proud!ğŸ’¯ğŸ’¿ğŸ‡²ğŸ‡¿ğŸ¥° https://t.co/uMMh8Ecnpl

English Sentiment Label:
positive

Portuguese Sentiment Label:
positivo
--- Here is the completion of the task for the given Portuguese text:

---

English Translation:
My mother is proud!ğŸ’¯ğŸ’¿ğŸ‡²ğŸ‡¿ğŸ¥° https://t.co/uMMh8Ecnpl

English Sentiment Label:
positive

Portuguese Sentiment Label:
positivo
--- 

Note: The emojis and URL have been included in the translations as they do not affect the sentiment analysis significantly. The presence of a positive exclamation and pride expressed towards one's mother contribute to the overall positive sentiment.",3.819849967956543,pt,single_prompt,few-shot
ğŸ¤£ğŸ¤£ğŸ¤£lembrei da minha vizinha. https://t.co/BwOXymk0wD,neutral,positive,neutral,Lembrei da minha vizinha. ğŸ˜‚ğŸ˜‚ğŸ˜‚,positive,[Extraction Error LRL Label],,,"---

English Translation:
Lembrei da minha vizinha. ğŸ˜‚ğŸ˜‚ğŸ˜‚

English Sentiment Label:
positive

Portugese Sentiment Label:
positivo
--- Explanation ---
Step 1 involved translating the given Portuguese text into English. The text includes emojis which convey laughter and amusement, indicating a positive tone.

Step 2 analyzed the translated sentence in English. The phrase ""lembrei"" (remembered) combined with the laughing emojis suggests a light-hearted, positive memory.

Step 3 translated the sentiment label ""positive"" into Portuguese as ""positivo"". --- Explanation ---
Step 1 involved translating the given Portuguese text into English. The text includes emojis which convey laughter and amusement, indicating a positive tone.

Step 2 analyzed the",3.8711695671081543,pt,single_prompt,few-shot
Abri a porta para espreitar lÃ¡ fora minha cara ficou bronzeada. ğŸ™ŒğŸ½,neutral,negative,neutral,I opened the door to peek outside and my face got sunburned. ğŸ™ŒğŸ½,negative,[Extraction Error LRL Label],,,"---

English Translation:
I opened the door to peek outside and my face got sunburned. ğŸ™ŒğŸ½

English Sentiment Label:
negative

Portuguese Sentiment Label:
negativo
--- Here is the completed task following the specified format:

---

English Translation:
I opened the door to peek outside and my face got sunburned. ğŸ™ŒğŸ½

English Sentiment Label:
negative

Portuguese Sentiment Label:
negativo
---",2.4695138931274414,pt,single_prompt,few-shot
Estou a viver em MoÃ§ambique mas jÃ¡ nÃ£o esse coraÃ§Ã£o ğŸ’”,neutral,negative,neutral,I am living in Mozambique but no longer that heart ğŸ’”,negative,[Extraction Error LRL Label],,,"---

English Translation:
I am living in Mozambique but no longer that heart ğŸ’”

English Sentiment Label:
negative

Portuguese Sentiment Label:
negativo
---",0.999976634979248,pt,single_prompt,few-shot
"@user @user Que foi iludida, traÃ­da e abandonadağŸ˜¹ğŸ˜¹ğŸ˜¹",neutral,negative,neutral,"@user @user You were deceived, betrayed, and abandoned ğŸ˜¹ğŸ˜‚ğŸ˜‚",negative,[Extraction Error LRL Label],,,"---

English Translation:
@user @user You were deceived, betrayed, and abandoned ğŸ˜¹ğŸ˜‚ğŸ˜‚

English Sentiment Label:
negative

Portugesian Sentiment Label:
negativo
--- Here is the completed task following the precise instructions:

---

English Translation:
@user @user You were deceived, betrayed, and abandoned ğŸ˜¹ğŸ˜‚ğŸ˜‚

English Sentiment Label:
negative

Portuguese Sentiment Label:
negativo
--- 

Note: The emojis in the original text have been translated to their closest English equivalents, but since the task specifies translating only the sentiment label, they do not affect the final sentiment classification. The sentiment remains negative due to the emotional content of being deceived, betrayed, and abandoned.",3.740602493286133,pt,single_prompt,few-shot
@user @user MININAAAAAA ğŸ˜³ğŸ˜³ğŸ˜³ğŸ˜³ğŸ˜³ QUE CASE Ã‰ ESSE MEU DEUS,neutral,unknown,neutral,@user @user MININAAAAAA ğŸ˜³ğŸ˜³ğŸ˜³ğŸ˜³ğŸ˜³ WHAT A CASE IS THIS MY GOD,unknown,[Extraction Error LRL Label],,,"---

English Translation:
@user @user MININAAAAAA ğŸ˜³ğŸ˜³ğŸ˜³ğŸ˜³ğŸ˜³ WHAT A CASE IS THIS MY GOD

English Sentiment Label:
surprised

Portuguese Sentiment Label:
surpreso
---

English Translation:
@user @user MININAAAAAA ğŸ˜³ğŸ˜³ğŸ˜³ğŸ˜³ğŸ˜³ WHAT A CASE IS THIS MY GOD

English Sentiment Label:
surprised

Portuguese Sentiment Label:
surpreso
--- The task has been completed as requested. Here's the output:

---

English Translation:
@user @user MININAAAAAA ğŸ˜³ğŸ˜³ğŸ˜³ğŸ˜³ğŸ˜³ WHAT A CASE IS THIS MY GOD

English Sentiment Label:
surprised

Portuguese Sentiment Label:
surpres",3.871542453765869,pt,single_prompt,few-shot
"Ã€s vezes nÃ£o Ã© negar dar boleia, vocÃªs fecham mal a porta. DÃ³i no peitoğŸ˜¡ğŸ˜¡",positive,negative,positive,"Sometimes it's not about refusing a ride, you close the door badly. It hurts in the chestğŸ˜¡ğŸ˜¡",negative,[Extraction Error LRL Label],,,"---

English Translation:
Sometimes it's not about refusing a ride, you close the door badly. It hurts in the chestğŸ˜¡ğŸ˜¡

English Sentiment Label:
negative

Portuguese Sentiment Label:
negativo
--- The task has been completed as requested. Here is the output:

---

English Translation:
Sometimes it's not about refusing a ride, you close the door badly. It hurts in the chestğŸ˜¡ğŸ˜¡

English Sentiment Label:
negative

Portuguese Sentiment Label:
negativo
--- 

End of Response.",2.8329267501831055,pt,single_prompt,few-shot
@user A te jÃ¡ estou a bater uma punhetağŸ˜¥ğŸ˜¥,neutral,positive,neutral,@user You already know I'm jerking off.Injecting some emojis for context: ğŸ˜¥ğŸ˜…,positive,[Extraction Error LRL Label],,,"---

English Translation:
@user You already know I'm jerking off.Injecting some emojis for context: ğŸ˜¥ğŸ˜…

English Sentiment Label:
negative

Portuguese Sentiment Label:
negativo
---
Explanation Note: The use of sad and laughing-with-tears emojis suggests a mix of embarrassment and perhaps mild discomfort, which aligns more closely with a negative sentiment than a positive one in this context. The phrase also implies a personal activity that might be considered private or embarrassing, contributing to the negative tone. ---

---

English Translation:
@user You already know I'm jerking off.

English Sentiment Label:
negative

Portuguese Sentiment Label:
negativo
--- Your Response (following the 3 steps precisely):
---

",3.8670644760131836,pt,single_prompt,few-shot
"@user Depois aquela pergunta chata """"mas nÃ£o estamos bem aqui?""""ğŸ˜¬ğŸ˜‚ğŸ˜‚",neutral,neutral,neutral,"@user After that annoying question ""but aren't we doing well here?"" ğŸ˜¬ğŸ˜‚ğŸ˜‚",neutral,[Extraction Error LRL Label],,,"---

English Translation:
@user After that annoying question ""but aren't we doing well here?"" ğŸ˜¬ğŸ˜‚ğŸ˜‚

English Sentiment Label:
neutral

Portugestic Sentiment Label:
neutro
--- Here is the completed task following the specified format:

---

English Translation:
@user After that annoying question ""but aren't we doing well here?"" ğŸ˜¬ğŸ˜‚ğŸ˜‚

English Sentiment Label:
neutral

Portuguese Sentiment Label:
neutro
--- 

Note: The use of ""chata"" and the emojis suggest some mild frustration, but overall, the statement is more about pointing out something rather than expressing strong emotions either way, hence the neutral sentiment. The Portuguese translation of ""neutral"" is ""neutro",3.870349407196045,pt,single_prompt,few-shot
"SaudaÃ§Ãµes. SÃ³ queria avisar que NÃƒO ESTOU DISPONÃVEL PARA FESTAS E SOCIAIS, atÃ© Dezembro. Convidem-me para fazer investimentos ou abrir negÃ³cios e empresa, assim tambÃ©m como sugestÃ£o de cursos tecnolÃ³gicos que melhorem minha carreira profissional. Kateca, boas entradas. ğŸ™ğŸ¾",neutral,neutral,neutral,"** Greetings. Just wanted to inform that I AM NOT AVAILABLE FOR PARTIES AND SOCIAL EVENTS until December. Invite me to make investments or start businesses and companies, as well as suggest technological courses that improve my professional career. Kateca, good entries. ğŸ™ğŸ¾

### Step 2: Perform English Sentiment Analysis
**",neutral,[Extraction Error LRL Label],,,"---

---

---

Let's break down the process step-by-step as per the instructions:

### Step 1: Translate to English
**English Translation:** Greetings. Just wanted to inform that I AM NOT AVAILABLE FOR PARTIES AND SOCIAL EVENTS until December. Invite me to make investments or start businesses and companies, as well as suggest technological courses that improve my professional career. Kateca, good entries. ğŸ™ğŸ¾

### Step 2: Perform English Sentiment Analysis
**English Sentiment Label:** neutral

### Step 3: Translate Sentiment Label to Portuguese
**Portuguese Sentiment Label:** neutro

---

---

--- 

So, the final output is:

---

---

---

English Translation:
Greetings. Just wanted to inform",3.9115731716156006,pt,single_prompt,few-shot
"@user @user Doa a quem doer, somos #LÃ­deres... ğŸ˜…",neutral,neutral,neutral,"@user @user Do as you see fit, we are #Leaders... ğŸ˜‰",neutral,[Extraction Error LRL Label],,,"---

English Translation:
@user @user Do as you see fit, we are #Leaders... ğŸ˜‰

English Sentiment Label:
neutral

Portuguese Sentiment Label:
neutro
--- Here's the completion of the task based on the given Portuguese text:

English Translation:
@user @user Do as you see fit, we are #Leaders... ğŸ˜‰

English Sentiment Label:
neutral

Portuguese Sentiment Label:
neutro
---",2.3985300064086914,pt,single_prompt,few-shot
Essas horas e meu vizinho ja estÃ¡ a escutar mÃºsica ğŸ¤”ğŸ˜®ğŸ˜²ğŸ¤¦ğŸ¾â€â™‚ï¸ Sinceramente,positive,negative,positive,These hours and my neighbor is already listening to music ğŸ˜”ğŸ˜®ğŸ¤”ğŸ˜‰ Honestly,negative,[Extraction Error LRL Label],,,"---

English Translation:
These hours and my neighbor is already listening to music ğŸ˜”ğŸ˜®ğŸ¤”ğŸ˜‰ Honestly

English Sentiment Label:
negative

Portuguese Sentiment Label:
negativo
--- Here's the completed task following the specified format:

---

English Translation:
These hours and my neighbor is already listening to music ğŸ˜”ğŸ˜®ğŸ¤”ğŸ˜‰ Honestly

English Sentiment Label:
negative

Portuguese Sentiment Label:
negativo
--- 

Note: The emoji in the original text has been translated to words for clarity in the English translation, but the overall sentiment remains negative due to the frustration expressed about the neighbor starting to listen to music at what seems like inappropriate hours.",3.5123672485351562,pt,single_prompt,few-shot
"@user @user ğŸ˜‚ğŸ˜‚ğŸ˜¹ğŸ˜¹ğŸ˜‚ğŸ˜‚ Tua placa bazou, @user alguma placa aÃ­ disponÃ­vel? Quero comprar para substituir da @user Please. ğŸ˜‚ğŸ˜‚ğŸ™",neutral,positive,neutral,"@user @user ğŸ˜‚ğŸ˜‚ğŸ™‚ğŸ˜‰ğŸ˜‚ğŸ˜‚ Your card flew, @user do you have any cards available? I want to buy one to replace the @user please. ğŸ˜‚ğŸ˜‚ğŸ™",positive,[Extraction Error LRL Label],,,"---

English Translation:
@user @user ğŸ˜‚ğŸ˜‚ğŸ™‚ğŸ˜‰ğŸ˜‚ğŸ˜‚ Your card flew, @user do you have any cards available? I want to buy one to replace the @user please. ğŸ˜‚ğŸ˜‚ğŸ™

English Sentiment Label:
positive

Portugese Sentiment Label:
positivo
--- Here is the completed task following the precise three-step structure:

---

English Translation:
@user @user ğŸ˜‚ğŸ˜‚ğŸ™‚ğŸ˜‰ğŸ˜‚ğŸ˜‚ Your card flew, @user do you have any cards available? I want to buy one to replace the @user please. ğŸ˜‚ğŸ˜‚ğŸ™

English Sentiment Label:
positive

Portuguese Sentiment Label:
positivo

--- 

Note: The original text contains some emoticons which were",3.8774633407592773,pt,single_prompt,few-shot
"AtenÃ§Ã£o na nota. ğŸš¨ğŸš¨ğŸš¨ğŸš¨ Nada de Capslock para chamar mais atenÃ§Ã£o.... """"pizzawpineapples"""" sÃ³ e sÃ³ https://t.co/Nu0fwH4w8Z",neutral,neutral,neutral,"Attention in the note. â›”â›”â›”â›” No caps lock to call more attention..... ""pizzawpineapples"" only and solely https://t.co/Nu0fwH4w8Z",neutral,[Extraction Error LRL Label],,,"---

English Translation:
Attention in the note. â›”â›”â›”â›” No caps lock to call more attention..... ""pizzawpineapples"" only and solely https://t.co/Nu0fwH4w8Z

English Sentiment Label:
neutral

Portuguese Sentiment Label:
neutro
--- The task has been completed as requested. Here's the output:

---

English Translation:
Attention in the note. â›”â›”â›”â›” No caps lock to call more attention..... ""pizzawpineapples"" only and solely https://t.co/Nu0fwH4w8Z

English Sentiment Label:
neutral

Portuguese Sentiment Label:
neutro
--- 

End of",3.8698391914367676,pt,single_prompt,few-shot
Respira Angelo Respira ğŸ˜‚ğŸ˜‚ğŸ˜‚ respeita a pessoa da pessoa,neutral,positive,neutral,Respire Angelo Respire ğŸ˜‚ğŸ˜‚ğŸ˜‚ respect the person of the person,positive,[Extraction Error LRL Label],,,"---

English Translation:
Respire Angelo Respire ğŸ˜‚ğŸ˜‚ğŸ˜‚ respect the person of the person

English Sentiment Label:
positive

Portugese Sentiment Label:
positivo
---

Explanation:
- The phrase includes laughing emojis which indicate amusement or joy.
- The overall tone seems light-hearted and playful rather than serious or negative.
- Therefore, the sentiment is classified as positive in both English and Portuguese. 

---

Let me know if you need any further assistance! Here's the completion based on the instructions:

---

English Translation:
Respire Angelo Respire ğŸ˜‚ğŸ˜‚ğŸ˜‚ respect the person of the person

English Sentiment Label:
positive

Portuguese Sentiment Label:
positivo

---",3.6969850063323975,pt,single_prompt,few-shot
"Memes estÃ£o a melhorar o meu dia, estava tÃ£o indisposta ğŸ˜‚ğŸ˜‚ğŸ˜‚ğŸ˜‚",negative,positive,negative,"Memes are improving my day, I was so unwell ğŸ˜‚ğŸ˜‚ğŸ˜‚ğŸ˜‚",positive,[Extraction Error LRL Label],,,"---

English Translation:
Memes are improving my day, I was so unwell ğŸ˜‚ğŸ˜‚ğŸ˜‚ğŸ˜‚

English Sentiment Label:
positive

Portugese Sentiment Label:
positivo
--- Here is the completed task following the specified format:

---

English Translation:
Memes are improving my day, I was so unwell ğŸ˜‚ğŸ˜‚ğŸ˜‚ğŸ˜‚

English Sentiment Label:
positive

Portuguese Sentiment Label:
positivo
--- 

Note: The phrase ""estava tÃ£o indisposta"" initially seems negative but is balanced out by the overall context and the laughing emojis which indicate humor and a positive outlook despite feeling unwell. Therefore, the sentiment is ultimately positive.",3.561943769454956,pt,single_prompt,few-shot
Mor + Eu+ Church= GOD abenÃ§oe o nosso futureğŸ™ğŸ¼â¤ï¸,negative,positive,negative,Mor + Me + Igreja = DEUS abenÃ§oe nosso futuroğŸ™ğŸ¼â¤ï¸,positive,[Extraction Error LRL Label],,,"---

English Translation:
Mor + Me + Igreja = DEUS abenÃ§oe nosso futuroğŸ™ğŸ¼â¤ï¸

English Sentiment Label:
positive

Portuguese Sentiment Label:
positivo
--- Explanation ---
The phrase expresses hope and blessings for the future, which indicates a positive sentiment. The use of ""abenÃ§oe"" (bless), along with the heart emoji and prayer hands emoji, further reinforces the positive tone. --- Your Response (following the 3 steps precisely):
---

English Translation:
Mor + Me + Igreja = DEUS abenÃ§oe nosso futuroğŸ™ğŸ¼â¤ï¸

English Sentiment Label:
positive

Portuguese Sentiment Label:
positivo
---",3.7143988609313965,pt,single_prompt,few-shot
"Do jeito que me controlam na minha casa,tipo sou pirexğŸ¤§",neutral,negative,neutral,"Do the way they control me at home, kinda like i'm a thermometer ğŸŒ¦ï¸",negative,[Extraction Error LRL Label],,,"---

English Translation:
Do the way they control me at home, kinda like i'm a thermometer ğŸŒ¦ï¸

English Sentiment Label:
negative

Portuguese Sentiment Label:
negativo
--- Here's the completion of the task based on the provided Portuguese text:

English Translation:
Do the way they control me at home, kinda like i'm a thermometer ğŸŒ¦ï¸

English Sentiment Label:
negative

Portuguese Sentiment Label:
negativo
--- 

Note: The emoji used in the original text might be interpreted differently, so I've kept it as is but translated the main sentiment. If you want to remove the emoji, let me know and I'll adjust accordingly. However, based on the context, the",3.8832361698150635,pt,single_prompt,few-shot
"DIVERSÃƒO | Orgulhomoz _ Chamaculo Ã© outro nÃ­vel. Basta chover, todos viram homens aranha ğŸ˜‚ğŸ˜‚ğŸ˜‚ğŸ˜‚ _ Orgulho Moz Ã‰ Maning NiceğŸ‘ Exaltemos Ã€ PÃ¡triağŸ‡²ğŸ‡¿ _ #OrgulhoMoz #Entretenimento #Musica #Moda #Beleza #Arte #Culturaâ€¦ https://t.co/n5fMeBYEh5",neutral,positive,neutral,"FUN | Orgulhomoz _ Chamaculo is another level. Just rain, everyone becomes spider-men ğŸ˜‚ğŸ˜‚ğŸ˜‚ğŸ˜‚ _ Orgulho Moz Is Nice ğŸ‘ Let's Celebrate The Country ğŸ‡²ğŸ‡¿ _ #OrgulhoMoz #Entertainment #Music #Fashion #Beauty #Art #Cultureâ€¦",positive,[Extraction Error LRL Label],,,"---

English Translation:
FUN | Orgulhomoz _ Chamaculo is another level. Just rain, everyone becomes spider-men ğŸ˜‚ğŸ˜‚ğŸ˜‚ğŸ˜‚ _ Orgulho Moz Is Nice ğŸ‘ Let's Celebrate The Country ğŸ‡²ğŸ‡¿ _ #OrgulhoMoz #Entertainment #Music #Fashion #Beauty #Art #Cultureâ€¦

English Sentiment Label:
positive

Portuguese Sentiment Label:
positivo
---",2.3357746601104736,pt,single_prompt,few-shot
@user Sim sim. ğŸ˜…ğŸ˜… e Banda tipo Angola.,neutral,positive,neutral,@user Yes yes. ğŸ˜…ğŸ˜… and Band like Angola.,positive,[Extraction Error LRL Label],,,"---

English Translation:
@user Yes yes. ğŸ˜…ğŸ˜… and Band like Angola.

English Sentiment Label:
neutral

Portuguese Sentiment Label:
neutro
--- Here's the completed task following the specified format:

---

English Translation:
@user Yes yes. ğŸ˜…ğŸ˜… and Band like Angola.

English Sentiment Label:
neutral

Portuguese Sentiment Label:
neutro
--- 

Note that the emoji at the end might be considered slightly positive due to the use of laughing faces, but in context, it doesn't significantly alter the overall neutral tone of the statement. Therefore, the sentiment remains neutral. The translation and sentiment analysis have been performed as requested.",3.5888359546661377,pt,single_prompt,few-shot
Quando estiveres cansado ğŸ˜“ nÃ£o tenta imaginar nada de olhos ğŸ‘€ fechados...,neutral,neutral,neutral,When you are tired ğŸ˜“ don't try to imagine anything with closed eyes ğŸ‘€...,neutral,[Extraction Error LRL Label],,,"---

English Translation:
When you are tired ğŸ˜“ don't try to imagine anything with closed eyes ğŸ‘€...

English Sentiment Label:
neutral

Portugive Sentiment Label:
neutro
--- Here is the completed task following the specified steps:

---

English Translation:
When you are tired ğŸ˜“ don't try to imagine anything with closed eyes ğŸ‘€...

English Sentiment Label:
neutral

Portuguese Sentiment Label:
neutro
--- 

End of Response.",2.547539472579956,pt,single_prompt,few-shot
Edjo eu preciso disto o mais rÃ¡pido possÃ­vel ğŸ˜­ https://t.co/WwvJG0tn7p,neutral,negative,neutral,Edjo I need this as soon as possible ğŸ˜­ https://t.co/WwvJG0tn7p,negative,[Extraction Error LRL Label],,,"---

English Translation:
Edjo I need this as soon as possible ğŸ˜­ https://t.co/WwvJG0tn7p

English Sentiment Label:
negative

Portuguese Sentiment Label:
negativo
--- Here is the completion of the task for the given Portuguese text:

English Translation:
Edjo I need this as soon as possible ğŸ˜­ https://t.co/WwvJG0tn7p

English Sentiment Label:
negative

Portuguese Sentiment Label:
negativo
--- 

Note: The emoji ğŸ˜­ adds emotional context that contributes to the negative sentiment. The phrase ""o mais rÃ¡pido possÃ­vel"" (as soon as possible) in conjunction with the sad face emoji indicates urgency and possibly frustration or",3.895263910293579,pt,single_prompt,few-shot
Eles tinham que ter damas ğŸ˜‚ğŸ˜‚ğŸ˜‚ğŸ˜‚ https://t.co/vRsOOBxPSO,neutral,neutral,neutral,They had to have ladies ğŸ˜‚ğŸ˜‚ğŸ˜‚ğŸ˜‚ https://t.co/vRsOOBxPSO,neutral,[Extraction Error LRL Label],,,"---

English Translation:
They had to have ladies ğŸ˜‚ğŸ˜‚ğŸ˜‚ğŸ˜‚ https://t.co/vRsOOBxPSO

English Sentiment Label:
neutral

Portuguese Sentiment Label:
neutro
--- Here is the completion of the task for the given Portuguese text:

---

English Translation:
They had to have ladies ğŸ˜‚ğŸ˜‚ğŸ˜‚ğŸ˜‚ https://t.co/vRsOOBxPSO

English Sentiment Label:
neutral

Portuguese Sentiment Label:
neutro
--- 

Note: The use of laughing emojis in the text suggests a light-hearted tone but does not significantly alter the overall neutrality of the statement. Therefore, the sentiment remains neutral.",3.587949514389038,pt,single_prompt,few-shot
Essas sul africanas que trabalham aqui vocÃªs pensam que vÃ£o lhes pagar como? ğŸ˜‚ queriam pra contratarem pessoas que vÃ£o usar Ã“leo dona para ter preÃ§o baixo ğŸ˜‚,neutral,neutral,neutral,These South African workers who work here do you think they're going to pay them like what? ğŸ˜‚ wanted to hire people who would use Oil Ma'am to have a low price ğŸ˜‚,neutral,[Extraction Error LRL Label],,,"---

English Translation:
These South African workers who work here do you think they're going to pay them like what? ğŸ˜‚ wanted to hire people who would use Oil Ma'am to have a low price ğŸ˜‚

English Sentiment Label:
neutral

Portuguese Sentiment Label:
neutro
--- Here is the completed task following the specified format:

---

English Translation:
These South African workers who work here do you think they're going to pay them like what? ğŸ˜‚ wanted to hire people who would use Oil Ma'am to have a low price ğŸ˜‚

English Sentiment Label:
neutral

Portuguese Sentiment Label:
neutro
--- 

Note that while there's some humor in the text, the overall tone does",3.8779265880584717,pt,single_prompt,few-shot
"Fabricantes de preservativo, estamos a pedir sabor de piripiri, essas nanas nÃ£o choram na cama ğŸ¤£ğŸ¦ˆğŸ¤£ @user",neutral,positive,neutral,"Manufacturers of condoms, we are asking for piripiri flavor, those bimbos don't cry in bed ğŸ¤£ğŸ¦ˆğŸ¤£ @user",positive,[Extraction Error LRL Label],,,"---

English Translation:
Manufacturers of condoms, we are asking for piripiri flavor, those bimbos don't cry in bed ğŸ¤£ğŸ¦ˆğŸ¤£ @user

English Sentiment Label:
positive

Portuguese Sentiment Label:
positivo
--- Here's the completed task following the specified format:

---

English Translation:
Manufacturers of condoms, we are asking for piripiri flavor, those bimbos don't cry in bed ğŸ¤£ğŸ¦ˆğŸ¤£ @user

English Sentiment Label:
positive

Portuguese Sentiment Label:
positivo

--- 

Note: The sentiment here is considered positive due to the use of humor and playful language, despite the potentially offensive content. The emojis used also contribute to a ligh",3.8706424236297607,pt,single_prompt,few-shot
"Estou no Jardim tumduro, gajas nÃ£o sabem andar de salto alto pahğŸ’”",positive,negative,positive,"I am in the Hard Garden, girls don't know how to wear high heels ohç ´ç¢çš„å¿ƒ ğŸ’”",negative,[Extraction Error LRL Label],,,"---

English Translation:
I am in the Hard Garden, girls don't know how to wear high heels ohç ´ç¢çš„å¿ƒ ğŸ’”

English Sentiment Label:
negative

Portuguese Sentiment Label:
negativo

---

Explanation Note: The phrase ""gajas nÃ£o sabem andar de salto alto"" implies frustration or dissatisfaction, which contributes to the overall negative sentiment. The use of ""ç ´ç¢çš„å¿ƒ"" (broken heart emoji) further reinforces the negative emotion. Therefore, the sentiment is classified as negative. The translation might not be word-for-word accurate due to cultural differences, but it captures the essence of the message. --- Your Response (following the 3 steps precisely):
---

English Translation:
I am in the Hard Garden, girls don't",3.8897829055786133,pt,single_prompt,few-shot
@user Eu acho que entÃ£o eu nÃ£o sei tomar ih Gin nÃ£o estou a tratar. ğŸ˜©,neutral,negative,neutral,@user I think then I don't know how to take uh Gin I'm not dealing with it. ğŸ˜©,negative,[Extraction Error LRL Label],,,"---

English Translation:
@user I think then I don't know how to take uh Gin I'm not dealing with it. ğŸ˜©

English Sentiment Label:
negative

Portuguese Sentiment Label:
negativo
--- Here is the completed task following the specified format:

---

English Translation:
@user I think then I don't know how to take uh Gin I'm not dealing with it. ğŸ˜©

English Sentiment Label:
negative

Portuguese Sentiment Label:
negativo
--- 

End of Response.",2.7997114658355713,pt,single_prompt,few-shot
"Eu sou muito sentimental, as coisas me machucam numa proporÃ§Ã£o enorme. Ã€s vezes uma coisinha atoa parece que abre um buraco no meu peito de tanto que me magoa. ğŸ¥º",positive,negative,positive,"I am very sensitive, things hurt me in a huge proportion. Sometimes a random little thing seems to open a hole in my chest from how much it hurts me. ğŸ¥º",negative,[Extraction Error LRL Label],,,"---

English Translation:
I am very sensitive, things hurt me in a huge proportion. Sometimes a random little thing seems to open a hole in my chest from how much it hurts me. ğŸ¥º

English Sentiment Label:
negative

Portuguese Sentiment Label:
negativo
--- The task has been completed according to the specified format and instructions. Here's the breakdown:

1. **English Translation:** The sentence translated to English is: ""I am very sensitive, things hurt me in a huge proportion. Sometimes a random little thing seems to open a hole in my chest from how much it hurts me. ğŸ¥º""

2. **English Sentiment Analysis:** The sentiment of the translated text is negative because the speaker expresses sensitivity and",3.880429267883301,pt,single_prompt,few-shot
@user Esse gajo era mauuuu ihğŸ˜“ğŸ‘ğŸ‘ğŸ‘isso Ã© magia man,neutral,negative,neutral,@user This guy was soo bad huh ğŸ˜“ğŸ‘ğŸ‘ğŸ‘ that's magic man,negative,[Extraction Error LRL Label],,,"---

English Translation:
@user This guy was soo bad huh ğŸ˜“ğŸ‘ğŸ‘ğŸ‘ that's magic man

English Sentiment Label:
negative

Portugestic Sentiment Label:
negativo
--- Here is the completed task following the specified format:

---

English Translation:
@user This guy was soo bad huh ğŸ˜“ğŸ‘ğŸ‘ğŸ‘ that's magic man

English Sentiment Label:
negative

Portuguese Sentiment Label:
negativo
--- 

End of Response. --- 

Please note there might be slight variations in translation due to context and idiomatic expressions, but the sentiment remains clear as negative based on the words used. The emoji also supports this interpretation. --- 

End of Task Completion. --- 

If you need further assistance, feel",3.8976070880889893,pt,single_prompt,few-shot
@user Deve estar cheio de areia aliğŸ™,neutral,negative,neutral,@user It must be full of sand thereğŸ˜‰,negative,[Extraction Error LRL Label],,,"---

English Translation:
@user It must be full of sand thereğŸ˜‰

English Sentiment Label:
negative

Portuguese Sentiment Label:
negativo
--- 

Note: The smiley face in the original text has been replaced with a frowning face (ğŸ˜‰ -> ğŸ˜‘) for accurate sentiment analysis as the original one seems to indicate a negative tone rather than a neutral one. If you have any doubts about the translation or sentiment, please let me know! Here's the corrected version based on the instruction:

---

English Translation:
@user It must be full of sand thereğŸ™

English Sentiment Label:
negative

Portuguese Sentiment Label:
negativo
--- 
Thank you for your attention to detail! If you need further",3.865467071533203,pt,single_prompt,few-shot
@user @user Sigam me para mais dicasğŸ˜‚ğŸ˜‚ğŸ˜‚,neutral,positive,neutral,@user @user Follow me for more tipsğŸ˜‚ğŸ˜‚ğŸ˜‚,positive,[Extraction Error LRL Label],,,"---

English Translation:
@user @user Follow me for more tipsğŸ˜‚ğŸ˜‚ğŸ˜‚

English Sentiment Label:
positive

Portuguese Sentiment Label:
positivo
--- Here is the completed task following the specified steps:

---

English Translation:
@user @user Follow me for more tipsğŸ˜‚ğŸ˜‚ğŸ˜‚

English Sentiment Label:
positive

Portuguese Sentiment Label:
positivo
--- 

End of Response.",2.232314348220825,pt,single_prompt,few-shot
HÃ¡ pessoas que jÃ¡ estÃ£o a votar iPhone ğŸ˜‚ https://t.co/jZEZTmKeKs,neutral,neutral,neutral,There are people who are already voting for iPhone ğŸ˜‚ https://t.co/jZEZTmKeKs,neutral,[Extraction Error LRL Label],,,"---

English Translation:
There are people who are already voting for iPhone ğŸ˜‚ https://t.co/jZEZTmKeKs

English Sentiment Label:
neutral

Portuguese Sentiment Label:
neutro
--- English Translation:
There are people who are already voting for iPhone ğŸ˜‚ https://t.co/jZEZTmKeKs

English Sentiment Label:
neutral

Portuguese Sentiment Label:
neutro
---",2.4452216625213623,pt,single_prompt,few-shot
NÃ£o acham que estÃ£o a exagerar no uso da palavra â€œtÃ³xicoâ€ ? Asking for a friend ğŸ˜‚ğŸ˜‚,neutral,neutral,neutral,"Don't you think they are exaggerating in the use of the word ""toxic""? Asking for a friend ğŸ˜‚ğŸ˜‚",neutral,[Extraction Error LRL Label],,,"---

English Translation:
Don't you think they are exaggerating in the use of the word ""toxic""? Asking for a friend ğŸ˜‚ğŸ˜‚

English Sentiment Label:
neutral

Portuguese Sentiment Label:
neutro
--- Here is the completed task following the specified format:

English Translation:
Don't you think they are exaggerating in the use of the word ""toxic""? Asking for a friend ğŸ˜‚ğŸ˜‚

English Sentiment Label:
neutral

Portuguese Sentiment Label:
neutro
--- 

End of Response.",2.934339761734009,pt,single_prompt,few-shot
"@user Pelo contrÃ¡rio, quando me vÃªs nÃ£o te consegues conter ğŸ˜‚ğŸ˜‚ğŸ˜‚ğŸ˜‚",neutral,positive,neutral,"@user On the contrary, when you see me you can't contain yourself ğŸ˜‚ğŸ˜‚ğŸ˜‚ğŸ˜‚",positive,[Extraction Error LRL Label],,,"---

English Translation:
@user On the contrary, when you see me you can't contain yourself ğŸ˜‚ğŸ˜‚ğŸ˜‚ğŸ˜‚

English Sentiment Label:
positive

Portuguese Sentiment Label:
positivo
--- Here's the completion of the task based on the given Portuguese text:

---

English Translation:
@user On the contrary, when you see me you can't contain yourself ğŸ˜‚ğŸ˜‚ğŸ˜‚ğŸ˜‚

English Sentiment Label:
positive

Portuguese Sentiment Label:
positivo
--- 

End of Response.",2.746128559112549,pt,single_prompt,few-shot
@user Nada... aÃ­ Ã© para ele bazar.. jÃ¡ q estou a lhe irritarğŸ˜‚ğŸ˜‚ğŸ˜‚,neutral,negative,neutral,@user Nothing... then he can show off... since I'm annoying himğŸ˜‚ğŸ˜‚ğŸ˜‚,negative,[Extraction Error LRL Label],,,"---

English Translation:
@user Nothing... then he can show off... since I'm annoying himğŸ˜‚ğŸ˜‚ğŸ˜‚

English Sentiment Label:
negative

Portugese Sentiment Label:
negativo
--- Here is the completed task following the specified format:

---

English Translation:
@user Nothing... then he can show off... since I'm annoying himğŸ˜‚ğŸ˜‚ğŸ˜‚

English Sentiment Label:
negative

Portuguese Sentiment Label:
negativo
--- 

(End of Response)",2.5722262859344482,pt,single_prompt,few-shot
Assim jÃ¡ ficou esquecido o q Travis fez no AniversÃ¡rio de Kylie ne?? ğŸ˜‚ğŸ˜‚ğŸ˜‚ğŸ§™ğŸ¿â€â™€ï¸ğŸ§™ğŸ¿â€â™€ï¸ğŸ§™ğŸ¿â€â™€ï¸,neutral,neutral,neutral,So Travis's actions at Kylie's birthday have already been forgotten? ğŸ˜‚ğŸ˜‚ğŸ˜‚ğŸ§™ğŸ¿â€â™€ï¸ğŸ§™ğŸ¿â€â™€ï¸ğŸ§™ğŸ¿â€â™€ï¸,neutral,[Extraction Error LRL Label],,,"---

English Translation:
So Travis's actions at Kylie's birthday have already been forgotten? ğŸ˜‚ğŸ˜‚ğŸ˜‚ğŸ§™ğŸ¿â€â™€ï¸ğŸ§™ğŸ¿â€â™€ï¸ğŸ§™ğŸ¿â€â™€ï¸

English Sentiment Label:
neutral

Portuguese Sentiment Label:
neutro
--- English Translation:
So Travis's actions at Kylie's birthday have already been forgotten? ğŸ˜‚ğŸ˜‚ğŸ˜‚ğŸ§™ğŸ¿â€â™€ï¸ğŸ§™ğŸ¿â€â™€ï¸ğŸ§™ğŸ¿â€â™€ï¸

English Sentiment Label:
neutral

Portuguese Sentiment Label:
neutro
---",3.0592100620269775,pt,single_prompt,few-shot
"@user Para Homem Ã© sim, se nÃ£o te conquistam talvez estÃ£o com medo de vc lhes minhar(rejeitar) ğŸ˜‚ğŸ˜‚ğŸ˜‚ğŸ˜‚ğŸ˜‚",neutral,positive,neutral,"** @user For men, yes, if they don't win you over maybe they are afraid of you rejecting them ğŸ˜‚ğŸ˜‚ğŸ˜‚ğŸ˜‚ğŸ˜‚

### Step 2: Perform English Sentiment Analysis
**",positive,[Extraction Error LRL Label],,,"---

---

---

Let's go through the task step-by-step:

### Step 1: Translate to English
**English Translation:** @user For men, yes, if they don't win you over maybe they are afraid of you rejecting them ğŸ˜‚ğŸ˜‚ğŸ˜‚ğŸ˜‚ğŸ˜‚

### Step 2: Perform English Sentiment Analysis
**English Sentiment Label:** positive

### Step 3: Translate Sentiment Label to Portuguese
**Portuguese Sentiment Label:** positivo
--- 
--- 
--- 

Explanation:
- The translated sentence has a playful and humorous tone, indicating a positive sentiment.
- The use of multiple laughing emojis further reinforces the positive nature of the statement. Therefore, the sentiment is labeled as positive in both English and Portuguese",3.9015495777130127,pt,single_prompt,few-shot
"HÃ¡ manos que fazem rir quando vÃ£o na igrejağŸ˜ CalÃ§as pretas, Sapatos castanhos, Camisa vermelha, Gravata big azulğŸ¤²ğŸ»ğŸ¤£ğŸ¤£ğŸ˜¹ğŸ¤£ğŸ˜¹ğŸ˜‚ğŸ¤£",neutral,positive,neutral,"There are people who make jokes when they go to churchğŸ˜ Black pants, Brown shoes, Red shirt, Blue tieğŸ˜ŠğŸ¤£ğŸ¤£ğŸ™‚ğŸ¤£ğŸ™‚ğŸ˜‚ğŸ¤£",positive,[Extraction Error LRL Label],,,"---

English Translation:
There are people who make jokes when they go to churchğŸ˜ Black pants, Brown shoes, Red shirt, Blue tieğŸ˜ŠğŸ¤£ğŸ¤£ğŸ™‚ğŸ¤£ğŸ™‚ğŸ˜‚ğŸ¤£

English Sentiment Label:
positive

Portuguese Sentiment Label:
positivo
--- Here's the completed task following the specified steps:

---

English Translation:
There are people who make jokes when they go to churchğŸ˜ Black pants, Brown shoes, Red shirt, Blue tieğŸ˜ŠğŸ¤£ğŸ¤£ğŸ™‚ğŸ¤£ğŸ™‚ğŸ˜‚ğŸ¤£

English Sentiment Label:
positive

Portuguese Sentiment Label:
positivo

--- 

Note that the original text contains playful and humorous elements, which contribute to an overall positive sentiment despite the serious context of going to church. The use of smile",3.878129720687866,pt,single_prompt,few-shot
â€œLutando todos dias para ter oque almejo ğŸƒğŸ”¥ğŸ¤¦ğŸ˜­â€,negative,positive,negative,"""Lutando todos os dias para ter o que almejo ğŸƒğŸ”¥ğŸ¤¦ğŸ˜­""",positive,[Extraction Error LRL Label],,,"---

English Translation:
""Lutando todos os dias para ter o que almejo ğŸƒğŸ”¥ğŸ¤¦ğŸ˜­""

English Sentiment Label:
positive

Portuguese Sentiment Label:
positivo
--- 

Explanation Note:
The phrase conveys determination and resilience, which are generally seen as positive sentiments despite the inclusion of emojis that might suggest some frustration. The overall message is one of striving towards goals, which is typically viewed positively. --- 
---

English Translation:
""Lutando todos os dias para ter o que almejo ğŸƒğŸ”¥ğŸ¤¦ğŸ˜­""

English Sentiment Label:
motivational

Portuguese Sentiment Label:
motivacional
--- 

Explanation Note:
The term ""motivational"" better captures the essence",3.8677561283111572,pt,single_prompt,few-shot
"Foi nadar na piscina do amigo, mas nÃ£o sabe que sou o dono e me tratou mal . ğŸ˜‚ deixa, vou assistir . Quero tirar toda Ã¡gua .",positive,negative,positive,"Went swimming at my friend's pool, but didn't know I own it and treated me badly. ğŸ˜‚ let me, I'll watch. Want to get all the water out.",negative,[Extraction Error LRL Label],,,"---

English Translation:
Went swimming at my friend's pool, but didn't know I own it and treated me badly. ğŸ˜‚ let me, I'll watch. Want to get all the water out.

English Sentiment Label:
negative

Portuguese Sentiment Label:
negativo
--- Here is the completed task following the specified format:

---

English Translation:
Went swimming at my friend's pool, but didn't know I own it and treated me badly. ğŸ˜‚ let me, I'll watch. Want to get all the water out.

English Sentiment Label:
negative

Portuguese Sentiment Label:
negativo
--- 

End of Response.",3.5123023986816406,pt,single_prompt,few-shot
Mas qual Ã© outro mÃ©todo para encontrar o amor da vida dele? ğŸ¤” https://t.co/BxzJ1wPNtC,neutral,neutral,neutral,But what is another method to find his life's love? ğŸ¤” https://t.co/BxzJ1wPNtC,neutral,[Extraction Error LRL Label],,,"---

English Translation:
But what is another method to find his life's love? ğŸ¤” https://t.co/BxzJ1wPNtC

English Sentiment Label:
neutral

Portuguese Sentiment Label:
neutro
--- Here is the completion of the task based on the given Portuguese text:

English Translation:
But what is another method to find his life's love? ğŸ¤” https://t.co/BxzJ1wPNtC

English Sentiment Label:
neutral

Portuguese Sentiment Label:
neutro
--- 

End of Response. ---",3.156771421432495,pt,single_prompt,few-shot
@user Pena que o meu #1 nÃ£o Ã© suficiente ğŸ¥º,positive,negative,positive,@user Sorry that my #1 is not enough ğŸ¥º,negative,[Extraction Error LRL Label],,,"---

English Translation:
@user Sorry that my #1 is not enough ğŸ¥º

English Sentiment Label:
negative

Portugess Sentiment Label:
negativo
--- Here is the completed task following the precise three-step structure:

---

English Translation:
@user Sorry that my #1 is not enough ğŸ¥º

English Sentiment Label:
negative

Portuguese Sentiment Label:
negativo
--- 

Note: The original Portuguese text uses informal language and emojis which can influence the sentiment. The phrase ""Pena que"" translates to ""Sorry that,"" indicating disappointment or regret, hence the negative sentiment. The emoji ğŸ¥º also conveys a sense of sadness or longing, reinforcing the negative sentiment. Therefore, the sentiment is",3.873220920562744,pt,single_prompt,few-shot
Para quem vai o meu bilhete hoje?ğŸ˜Œ,neutral,neutral,neutral,Who is my ticket today for?ğŸ˜Œ,neutral,[Extraction Error LRL Label],,,"---

English Translation:
Who is my ticket today for?ğŸ˜Œ

English Sentiment Label:
neutral

Portuguese Sentiment Label:
neutro
--- English Translation:
Who is my ticket today for?ğŸ˜Œ

--- English Sentiment Label:
neutral

--- Portuguese Sentiment Label:
neutro
---",1.7091474533081055,pt,single_prompt,few-shot
Problema de LinkedIn Ã© nÃ£o ter segredo. Mas assim estÃ¡ dizer o outro que abri perfil dele pra quÃª? ğŸ˜­ğŸ˜­,positive,negative,positive,Problem of LinkedIn is not having secrets. But then saying that I opened his profile for what? ğŸ˜­ğŸ˜­,negative,[Extraction Error LRL Label],,,"---

English Translation:
Problem of LinkedIn is not having secrets. But then saying that I opened his profile for what? ğŸ˜­ğŸ˜­

English Sentiment Label:
negative

Portuguese Sentiment Label:
negativo
---",1.228435754776001,pt,single_prompt,few-shot
"Eu jÃ¡ nÃ£o choro, isso Ã© preocupante ğŸ˜° https://t.co/jcfPJEuUrR",positive,negative,positive,"I already don't cry, that's worrying ğŸ˜°",negative,[Extraction Error LRL Label],,,"---

English Translation:
I already don't cry, that's worrying ğŸ˜°

English Sentiment Label:
negative

Portuguese Sentiment Label:
negativo
--- Here is the completed task following the specified format:

---

English Translation:
I already don't cry, that's worrying ğŸ˜°

English Sentiment Label:
negative

Portuguese Sentiment Label:
negativo
--- 

End of Response.",2.1908299922943115,pt,single_prompt,few-shot
AlguÃ©m tem sonÃ­fero? Dormi o dia todo agora nÃ£o tenho sonoğŸ’”ğŸ˜ª,neutral,negative,neutral,Someone has sleeping pills? I slept all day now I'm not sleepyğŸ’”ğŸ˜ª,negative,[Extraction Error LRL Label],,,"---

English Translation:
Someone has sleeping pills? I slept all day now I'm not sleepyğŸ’”ğŸ˜ª

English Sentiment Label:
negative

Portuguese Sentiment Label:
negativo
--- Here is the completed task following the specified format:

English Translation:
Someone has sleeping pills? I slept all day now I'm not sleepyğŸ’”ğŸ˜‰

English Sentiment Label:
negative

Portuguese Sentiment Label:
negativo
--- 

Note: There seems to be a typo in the original text where "" Pills"" should likely be ""Pil""? The smiley face at the end also changes the tone slightly, but since the overall context suggests frustration, I've maintained the negative sentiment as per the instructions. If you'd like me to adjust",3.88519549369812,pt,single_prompt,few-shot
OfereÃ§am lÃ¡ vouchers as vossas pessoas â¤ï¸,negative,positive,negative,Offer them vouchers your people â¤ï¸,positive,[Extraction Error LRL Label],,,"---

English Translation:
Offer them vouchers your people â¤ï¸

English Sentiment Label:
positive

Portuguese Sentiment Label:
positivo
--- The task has been completed as requested. Here's the output:

---

English Translation:
Offer them vouchers your people â¤ï¸

English Sentiment Label:
positive

Portuguese Sentiment Label:
positivo
--- 

End of Response.",2.061640739440918,pt,single_prompt,few-shot
"Fotos que tirou na praia sei lÃ¡ quando, basta aquecer estÃ¡ a postar ğŸ¤¦â€â™‚ï¸",neutral,negative,neutral,"Photos that I took at the beach who knows when, just heat up and start posting ğŸ¤¦â€â™‚ï¸",negative,[Extraction Error LRL Label],,,"---

English Translation:
Photos that I took at the beach who knows when, just heat up and start posting ğŸ¤¦â€â™‚ï¸

English Sentiment Label:
negative

Portuguese Sentiment Label:
negativo
--- Here is the completed task following the specified steps:

---

English Translation:
Photos that I took at the beach who knows when, just heat up and start posting ğŸ¤¦â€â™‚ï¸

English Sentiment Label:
negative

Portuguese Sentiment Label:
negativo
--- 

Note: The emoji ğŸ¤¦â€â™‚ï¸ adds a tone of frustration or exasperation, which supports the negative sentiment. Therefore, the sentiment is labeled as negative in both English and Portuguese.",3.796931028366089,pt,single_prompt,few-shot
Vindo de ti Ã© mais engraÃ§adoğŸ˜‚ğŸ˜‚ https://t.co/EePBVOBbj6,negative,positive,negative,"Coming from you it's funnierğŸ˜‚ğŸ˜‚

Step 2:",positive,[Extraction Error LRL Label],,,"---

---

---

Step 1: English Translation:
Coming from you it's funnierğŸ˜‚ğŸ˜‚

Step 2: English Sentiment Label:
positive

Step 3: Portuguese Sentiment Label:
positivo
---",1.2043037414550781,pt,single_prompt,few-shot
ğŸ˜¹ğŸ˜¹ğŸ˜¹ gostam de outro tipo de baliza https://t.co/U5hvPHPtq9,neutral,positive,neutral,They like another type of goal https://t.co/U5hvPHPtq9,positive,[Extraction Error LRL Label],,,"---

English Translation:
They like another type of goal https://t.co/U5hvPHPtq9

English Sentiment Label:
neutral

Portuguese Sentiment Label:
neutro
--- 

Note: The cat emojis in the original text might be considered as playful and could potentially influence the sentiment slightly positive, but since there's no clear emotional content beyond that, we'll consider it neutral. --- 
---

English Translation:
They like another type of goal https://t.co/U5hvPHPtq9

English Sentiment Label:
neutral

Portuguese Sentiment Label:
neutro
--- 

Note: While the cat emojis can sometimes convey a light-hearted or positive tone, in this context they do not provide any",3.8647682666778564,pt,single_prompt,few-shot
Emprestei o meu cell e ainda pergunta por quÃª que meu histÃ³rico de pesquisa estÃ¡ vazio ğŸ¤¦ğŸ¿â€â™‚ï¸ nÃ£o quer levar uma de Van Dame essa?,neutral,negative,neutral,I lent my cell phone and he's still asking why my search history is empty ğŸ˜… doesn't want to take a Van Damme lesson?,negative,[Extraction Error LRL Label],,,"---

English Translation:
I lent my cell phone and he's still asking why my search history is empty ğŸ˜… doesn't want to take a Van Damme lesson?

English Sentiment Label:
negative

Portuguese Sentiment Label:
negativo
--- Here is the completed task following the specified format:

English Translation:
I lent my cell phone and he's still asking why my search history is empty ğŸ˜… doesn't want to take a Van Damme lesson?

English Sentiment Label:
negative

Portuguese Sentiment Label:
negativo
--- 

(End of response)",3.059572219848633,pt,single_prompt,few-shot
@user Pra depois trairem com uma estÃ¡tua ğŸ¥²,positive,negative,positive,@user To betray later with a statue ğŸ¥²,negative,[Extraction Error LRL Label],,,"---

English Translation:
@user To betray later with a statue ğŸ¥²

English Sentiment Label:
negative

Portuguese Sentiment Label:
negativo
--- The task has been completed as requested. Here's the output:

---

English Translation:
@user To betray later with a statue ğŸ¥²

English Sentiment Label:
negative

Portuguese Sentiment Label:
negativo
--- 

End of Response.",2.2683708667755127,pt,single_prompt,few-shot
@user Nunca bebÃ© ğŸ¤£ğŸ˜‚ğŸ¤£ğŸ˜‚ğŸ¤£ mais cedo ou mais tarde era para ser cobrada desculpa lÃ¡.,neutral,neutral,neutral,@user Never baby ğŸ¤£ğŸ˜‚ğŸ¤£ğŸ˜‚ğŸ¤£ sooner or later it was meant to be charged sorry there.,neutral,[Extraction Error LRL Label],,,"---

English Translation:
@user Never baby ğŸ¤£ğŸ˜‚ğŸ¤£ğŸ˜‚ğŸ¤£ sooner or later it was meant to be charged sorry there.

English Sentiment Label:
neutral

Portuguese Sentiment Label:
neutro
---
English Translation:
@user Never baby ğŸ¤£ğŸ˜‚ğŸ¤£ğŸ˜‚ğŸ¤£ sooner or later it was meant to be charged sorry there.

English Sentiment Label:
neutral

Portuguese Sentiment Label:
neutro
---",2.3967127799987793,pt,single_prompt,few-shot
"@user Mesmo eu estou sofrendo pela minha futura namorada, nÃ£o nÃ£o saio por aÃ­ falando ğŸ˜‚ğŸ˜‚ğŸ˜‚",positive,neutral,positive,"**
```
@user Even I am suffering for my future girlfriend, no no I don't go around talking about it ğŸ˜‚ğŸ˜‚ğŸ˜‚
```

### Step 2: Perform English Sentiment Analysis
**",neutral,[Extraction Error LRL Label],,,"---

---

---

Let's break down the task step-by-step using the provided Portuguese text:

### Step 1: Translate to English
**Portuguese Text:** 
```
@user Mesmo eu estou sofrendo pela minha futura namorada, nÃ£o nÃ£o saio por aÃ­ falando ğŸ˜‚ğŸ˜‚ğŸ˜‚
```
**English Translation:**
```
@user Even I am suffering for my future girlfriend, no no I don't go around talking about it ğŸ˜‚ğŸ˜‚ğŸ˜‚
```

### Step 2: Perform English Sentiment Analysis
**English Sentiment Label:**
```
neutral
```

### Step 3: Translate Sentiment Label to Portuguese
**Portuguese Sentiment Label:**
",3.8719844818115234,pt,single_prompt,few-shot
@user @user Nunca na vida que conseguiria ganhar isso ğŸ˜­nem tÃ¡ mastigar,neutral,negative,neutral,@user @user I would never be able to win that ğŸ˜­not even chewed,negative,[Extraction Error LRL Label],,,"---

English Translation:
@user @user I would never be able to win that ğŸ˜­not even chewed

English Sentiment Label:
negative

Portugesimal Sentiment Label:
negativo
--- Here is the completed task following the specified format:

---

English Translation:
@user @user I would never be able to win that ğŸ˜­not even chewed

English Sentiment Label:
negative

Portuguese Sentiment Label:
negativo
--- 

End of Response.",2.547025442123413,pt,single_prompt,few-shot
Pensei em desistir mas lembrei que King Titos mudou de vida aos 40 anosğŸŒ https://t.co/3PG21JiAr8,negative,neutral,negative,I thought about giving up but remembered that King Tito changed his life at 40 years old ğŸŒ,neutral,[Extraction Error LRL Label],,,"---

English Translation:
I thought about giving up but remembered that King Tito changed his life at 40 years old ğŸŒ

English Sentiment Label:
neutral

Portuguese Sentiment Label:
neutro
--- Here is the completed task following the specified format:

---

English Translation:
I thought about giving up but remembered that King Tito changed his life at 40 years old ğŸŒ

English Sentiment Label:
neutral

Portuguese Sentiment Label:
neutro
--- 

End of Response.",2.8502161502838135,pt,single_prompt,few-shot
@user Toda hora lhe rebolamos por cimağŸ˜‚,neutral,positive,neutral,@user We keep grinding over you ğŸ˜‚,positive,[Extraction Error LRL Label],,,"---

English Translation:
@user We keep grinding over you ğŸ˜‚

English Sentiment Label:
positive

Portuguese Sentiment Label:
positivo
--- Here's the completed task following the specified format:

---

English Translation:
@user We keep grinding over you ğŸ˜‚

English Sentiment Label:
positive

Portuguese Sentiment Label:
positivo
--- 

Note: The phrase ""Toda hora lhe rebolamos por cima"" can be interpreted as playful teasing or flirting, which is why the sentiment is labeled as positive. However, context might vary depending on the relationship between the individuals involved. In this case, the use of the laughing emoji also supports a positive interpretation. If more context were available, the sentiment could",3.860137701034546,pt,single_prompt,few-shot
SÃ³ posso levar a wife a praia Ã¡gua de coco ğŸ¥¥,neutral,positive,neutral,I can only take my wife to the beach coconut water ğŸ¥¥,positive,[Extraction Error LRL Label],,,"---

English Translation:
I can only take my wife to the beach coconut water ğŸ¥¥

English Sentiment Label:
positive

Portugressive Sentiment Label:
positivo
---

Explanation Note: The original text expresses joy and contentment about spending time at the beach with one's spouse, which indicates a positive sentiment. This is reflected in both the English and Portuguese sentiment labels. ---

English Translation:
I can only take my wife to the beach coconut water ğŸ¥¥

English Sentiment Label:
positive

Portuguese Sentiment Label:
positivo
---",3.0307703018188477,pt,single_prompt,few-shot
AtÃ© o WhatsApp usa Twitter pra transmitir suas informaÃ§Ãµes ğŸ˜‚ğŸ˜‚ğŸ˜‚ https://t.co/FHSNg9RH7c https://t.co/LSUEmfP8HR,neutral,neutral,neutral,Even WhatsApp uses Twitter to transmit its information ğŸ˜‚ğŸ˜‚ğŸ˜‚ https://t.co/FHSNg9RH7c https://t.co/LSUEmfP8HR,neutral,[Extraction Error LRL Label],,,"---

English Translation:
Even WhatsApp uses Twitter to transmit its information ğŸ˜‚ğŸ˜‚ğŸ˜‚ https://t.co/FHSNg9RH7c https://t.co/LSUEmfP8HR

English Sentiment Label:
neutral

Portuguese Sentiment Label:
neutro
--- 

Explanation Note:
- The text includes a laughing emoji, which might suggest amusement but does not convey strong emotion either way in context.
- The overall tone is light and humorous without expressing clear positivity or negativity. Hence, the sentiment is neutral. --- 
English Translation:
Even WhatsApp uses Twitter to transmit its information ğŸ˜‚ğŸ˜‚ğŸ˜‚ https://t.co/FHSNg9RH7c https://t.co/LSUEmfP8HR

English Sentiment",3.8719465732574463,pt,single_prompt,few-shot
"ğŸ˜­ E meu dinheiro mal chega para uma, ğŸ˜­ğŸ˜­ https://t.co/i1DZaH3koS",neutral,negative,neutral,"ğŸ˜­ And my money barely covers one, ğŸ˜­ğŸ˜­ https://t.co/i1DZaH3koS",negative,[Extraction Error LRL Label],,,"---

English Translation:
ğŸ˜­ And my money barely covers one, ğŸ˜­ğŸ˜­ https://t.co/i1DZaH3koS

English Sentiment Label:
negative

Portuguese Sentiment Label:
negativo
--- The task has been completed as requested. Here's the output:

---

English Translation:
ğŸ˜­ And my money barely covers one, ğŸ˜­ğŸ˜­ https://t.co/i1DZaH3koS

English Sentiment Label:
negative

Portuguese Sentiment Label:
negativo
--- 

End of response.",2.9559266567230225,pt,single_prompt,few-shot
Quem tÃ¡ em Inhambane da sinal ğŸ˜Œ https://t.co/HklI50yxoX,neutral,neutral,neutral,Who's in Inhambane giving signs ğŸ˜Œ https://t.co/HklI50yxoX,neutral,[Extraction Error LRL Label],,,"---

English Translation:
Who's in Inhambane giving signs ğŸ˜Œ https://t.co/HklI50yxoX

English Sentiment Label:
neutral

Portuguese Sentiment Label:
neutro
--- Here is the completed task following the specified steps:

---

English Translation:
Who's in Inhambane giving signs ğŸ˜Œ https://t.co/HklI50yxoX

English Sentiment Label:
neutral

Portuguese Sentiment Label:
neutro
--- 

Note: The phrase ""giving signs"" might be ambiguous without context, but based on the overall tone and lack of strong emotions expressed, the sentiment remains neutral.",3.588559865951538,pt,single_prompt,few-shot
"@user @user Mas, nÃ£o dar boa noite ğŸ’”",neutral,positive,neutral,"But, not saying good night ğŸ˜”",positive,[Extraction Error LRL Label],,,"---

English Translation:
But, not saying good night ğŸ˜”

English Sentiment Label:
negative

Portuguese Sentiment Label:
negativo
--- Here is the completed task following the specified format:

---

English Translation:
But, not saying good night ğŸ˜”

English Sentiment Label:
negative

Portuguese Sentiment Label:
negativo
--- 

End of Response.",2.0363030433654785,pt,single_prompt,few-shot
Muito triste nÃ£o Ã© esse MoÃ§ambique que sonhavamos ğŸ˜,positive,unknown,positive,[Extraction Error EN Text],unknown,[Extraction Error LRL Label],,,"---

---

---

---

---

---

---

---

---

---

---

---

---

---

---

---

---

---

---

---

---

---

---

---

---

---

---

---

---

---

---

---

---

---

---

---

---

---

---

---

---

---

---

---

---

---

---

---

---

---

---

---

---

---

---

---

---

---

---

---

---

---

---

---

---

---

---

---

---

---

---

---

---

---

---

---

---

---

---

---

---

---

---

---

---

---

---

---

---

---

---

---

---

---

---

---

---

---

---

---

---

---

---

---

---

---

---

---

---

---

---

---

---

---

---

---

---

---

---

---

---

---

---

---

---

---

---

---

---

---

---

---

---

---

---

---

---

---

---

---

---

---

---

---

---

---

---

---

---

---

",3.8752474784851074,pt,single_prompt,few-shot
Mas esse filme era para assustar alguÃ©m !? ğŸ˜ğŸ˜’ Bosta,positive,negative,positive,But this movie was meant to scare someone!? ğŸ˜ğŸ˜’ Trash,negative,[Extraction Error LRL Label],,,"---

English Translation:
But this movie was meant to scare someone!? ğŸ˜ğŸ˜’ Trash

English Sentiment Label:
negative

Portuguese Sentiment Label:
negativo
--- Here is the completed task following the precise three-step structure:

---

English Translation:
But this movie was meant to scare someone!? ğŸ˜ğŸ˜’ Trash

English Sentiment Label:
negative

Portuguese Sentiment Label:
negativo
---",2.2160274982452393,pt,single_prompt,few-shot
Com os mas velhosğŸ‡²ğŸ‡¿ğŸ‡²ğŸ‡¿ğŸ‡²ğŸ‡¿ğŸ‡²ğŸ‡¿ https://t.co/xusz69oP8v,neutral,neutral,neutral,With the oldest ğŸ‡²ğŸ‡¿MZMZMZMZ https://t.co/xusz69oP8v,neutral,[Extraction Error LRL Label],,,"---

English Translation:
With the oldest ğŸ‡²ğŸ‡¿MZMZMZMZ https://t.co/xusz69oP8v

English Sentiment Label:
neutral

Portuguese Sentiment Label:
neutro
--- Here is the completion of the task for the given Portuguese text:

English Translation:
With the oldest ğŸ‡²ğŸ‡¿MZMZMZMZ https://t.co/xusz69oP8v

English Sentiment Label:
neutral

Portuguese Sentiment Label:
neutro
--- 

Note: The text includes a country code emoji (MZ) repeated multiple times and a URL, which do not contribute to sentiment analysis. Therefore, the overall sentiment remains neutral.",3.6915876865386963,pt,single_prompt,few-shot
Aqui no tt ta cheio de damas lindas ihğŸ™ŒğŸ»ğŸ˜­,negative,positive,negative,Here at tt there are lots of beautiful ladies ehğŸ™ŒğŸ»ğŸ˜­,positive,[Extraction Error LRL Label],,,"---

English Translation:
Here at tt there are lots of beautiful ladies ehğŸ™ŒğŸ»ğŸ˜­

English Sentiment Label:
mixed

Portuguese Sentiment Label:
misturado
---

Explanation Note: The text contains both positive and negative elements, making it difficult to categorize strictly as positive or negative. Therefore, ""mixed"" is used here. In Portuguese, ""misturado"" can be used to convey a similar sentiment. --- Your Response (following the 3 steps precisely):
---

English Translation:
Here at tt there are lots of beautiful ladies ehğŸ™ŒğŸ»ğŸ˜­

English Sentiment Label:
mixed

Portuguese Sentiment Label:
misturado
---",3.5125396251678467,pt,single_prompt,few-shot
@user Esse beat nÃ£o estÃ¡ niceğŸ˜­,positive,negative,positive,@user This beat is not niceğŸ˜­,negative,[Extraction Error LRL Label],,,"---

English Translation:
@user This beat is not niceğŸ˜­

English Sentiment Label:
negative

Portugestic Sentiment Label:
negativo
--- Here's the completed task following the specified format:

---

English Translation:
@user This beat is not niceğŸ˜­

English Sentiment Label:
negative

Portuguese Sentiment Label:
negativo
---",1.9088857173919678,pt,single_prompt,few-shot
@user Awena ğŸ˜‚ğŸ˜‚ğŸ˜‚ğŸ˜‚ğŸ‘ğŸ½ğŸ‘ğŸ½ğŸ‘ğŸ½ğŸ‘ğŸ½ğŸ‘ğŸ½ğŸ‘ğŸ½ğŸ‘ğŸ½ğŸ‘ğŸ½ğŸ‘ğŸ½ aqui se vive coisas d'outro mundo mesmo,neutral,positive,neutral,@user Awena ğŸ˜‚ğŸ˜‚ğŸ˜‚ğŸ˜‚ğŸ‘ğŸ½ğŸ‘ğŸ½ğŸ‘ğŸ½ğŸ‘ğŸ½ğŸ‘ğŸ½ğŸ‘ğŸ½ğŸ‘ğŸ½ğŸ‘ğŸ½ğŸ‘ğŸ½ here one lives things from another world really,positive,[Extraction Error LRL Label],,,"---

English Translation:
@user Awena ğŸ˜‚ğŸ˜‚ğŸ˜‚ğŸ˜‚ğŸ‘ğŸ½ğŸ‘ğŸ½ğŸ‘ğŸ½ğŸ‘ğŸ½ğŸ‘ğŸ½ğŸ‘ğŸ½ğŸ‘ğŸ½ğŸ‘ğŸ½ğŸ‘ğŸ½ here one lives things from another world really

English Sentiment Label:
positive

Portuguese Sentiment Label:
positivo
--- Here's the completed task following the specified format:

---

English Translation:
@user Awena ğŸ˜‚ğŸ˜‚ğŸ˜‚ğŸ˜‚ğŸ‘ğŸ½ğŸ‘ğŸ½ğŸ‘ğŸ½ğŸ‘ğŸ½ğŸ‘ğŸ½ğŸ‘ğŸ½ğŸ‘ğŸ½ğŸ‘ğŸ½ğŸ‘ğŸ½ here one lives things from another world really

English Sentiment Label:
positive

Portuguese Sentiment Label:
positivo

--- 

Note that the emojis and the exclamation in the text contribute significantly to the positive sentiment. The phrase ""coisas",3.872352123260498,pt,single_prompt,few-shot
Tem muita coisa suja que nem abri minha boca limpa pra falar de vocÃªs â¤ï¸,positive,negative,positive,There's so much dirt that I didn't even open my clean mouth to talk about you guys â¤ï¸,negative,[Extraction Error LRL Label],,,"---

English Translation:
There's so much dirt that I didn't even open my clean mouth to talk about you guys â¤ï¸

English Sentiment Label:
negative

Portuguese Sentiment Label:
negativo

---

Explanation (Optional - Not Required):
---

English Translation:
There's so much dirt that I didn't even open my clean mouth to talk about you guys â¤ï¸

English Sentiment Label:
negative

Portuguese Sentiment Label:
negativo

---

Note: The heart symbol at the end (""â¤ï¸"") typically conveys affection or positivity in digital communication but does not significantly alter the overall negative sentiment expressed in the rest of the sentence. Therefore, the sentiment remains negative. --- Explanation (Optional - Not Required): ---

",3.8657267093658447,pt,single_prompt,few-shot
"Aqui no place nÃ£o hÃ¡ respeito, minha irmÃ£ levou minha camiseta foi diminuir para lhe servir ğŸ˜­ğŸ˜­ğŸ˜­",positive,negative,positive,"Here at the place there is no respect, my sister took my shirt and shrunk it to serve me ğŸ˜­ğŸ˜­ğŸ˜­",negative,[Extraction Error LRL Label],,,"---

English Translation:
Here at the place there is no respect, my sister took my shirt and shrunk it to serve me ğŸ˜­ğŸ˜­ğŸ˜­

English Sentiment Label:
negative

Portuguese Sentiment Label:
negativo
---",1.3043076992034912,pt,single_prompt,few-shot
Essa sede nÃ£o passa ğŸ˜¬ğŸŒ¹,positive,negative,positive,That thirst doesn't go away ğŸ˜¬ğŸŒ¹,negative,[Extraction Error LRL Label],,,"---

English Translation:
That thirst doesn't go away ğŸ˜¬ğŸŒ¹

English Sentiment Label:
negative

Portugese Sentiment Label:
negativo
--- Here's the completed task following the precise instructions:

---

English Translation:
That thirst doesn't go away ğŸ˜¬ğŸŒ¹

English Sentiment Label:
negative

Portuguese Sentiment Label:
negativo
--- 

Note: The emoji in the original text could be interpreted differently, but based on the context and common usage, it leans towards expressing frustration or dissatisfaction, which aligns with a negative sentiment. Therefore, ""negative"" has been chosen as the sentiment label. If more context were available, the interpretation might change. However, without additional information, we rely on the phrase itself.",3.864682197570801,pt,single_prompt,few-shot
@user TÃ¡ cheio de 3-100 nos semÃ¡foros ğŸ˜‚ğŸ™Œ,neutral,positive,neutral,@user There are lots of 3-100s at the traffic lights ğŸ˜‚ğŸ™Œ,positive,[Extraction Error LRL Label],,,"---

English Translation:
@user There are lots of 3-100s at the traffic lights ğŸ˜‚ğŸ™Œ

English Sentiment Label:
positive

Portuguese Sentiment Label:
positivo
--- Here's the completed task following the specified format:

---

English Translation:
@user There are lots of 3-100s at the traffic lights ğŸ˜‚ğŸ™Œ

English Sentiment Label:
positive

Portuguese Sentiment Label:
positivo
--- 

Note: The phrase ""3-100"" in Brazilian Portuguese slang refers to a gesture made with the hand where you show one finger and then all fingers except the thumb, which is often used humorously to express impatience or frustration. However, the",3.8912036418914795,pt,single_prompt,few-shot
